date,fuel_region_id,pricing_hub,interpretation,fuel_price_usd_per_mmbtu,distinct_prices_within_day,raw_hour_rows,source_archives
2023-05-01,FRSCE3,SoCal Citygate,CAISO delivered fuel-region cost; includes transport/reimbursement components; non-GHG,4.6,1,24,CAISO_PRC_FUEL_2023_05.zip
2023-05-02,FRSCE3,SoCal Citygate,CAISO delivered fuel-region cost; includes transport/reimbursement components; non-GHG,5.55,1,24,CAISO_PRC_FUEL_2023_05.zip
2023-05-03,FRSCE3,SoCal Citygate,CAISO delivered fuel-region cost; includes transport/reimbursement components; non-GHG,5.57,1,24,CAISO_PRC_FUEL_2023_05.zip
2023-05-04,FRSCE3,SoCal Citygate,CAISO delivered fuel-region cost; includes transport/reimbursement components; non-GHG,3.54,1,24,CAISO_PRC_FUEL_2023_05.zip
2023-05-05,FRSCE3,SoCal Citygate,CAISO delivered fuel-region cost; includes transport/reimbursement components; non-GHG,3.31,1,24,CAISO_PRC_FUEL_2023_05.zip
2023-05-06,FRSCE3,SoCal Citygate,CAISO delivered fuel-region cost; includes transport/reimbursement components; non-GHG,3.3,1,24,CAISO_PRC_FUEL_2023_05.zip
2023-05-07,FRSCE3,SoCal Citygate,CAISO delivered fuel-region cost; includes transport/reimbursement components; non-GHG,3.3,1,24,CAISO_PRC_FUEL_2023_05.zip
2023-05-08,FRSCE3,SoCal Citygate,CAISO delivered fuel-region cost; includes transport/reimbursement components; non-GHG,3.3,1,24,CAISO_PRC_FUEL_2023_05.zip
2023-05-09,FRSCE3,SoCal Citygate,CAISO delivered fuel-region cost; includes transport/reimbursement components; non-GHG,3.55,1,24,CAISO_PRC_FUEL_2023_05.zip
2023-05-10,FRSCE3,SoCal Citygate,CAISO delivered fuel-region cost; includes transport/reimbursement components; non-GHG,3.63,1,24,CAISO_PRC_FUEL_2023_05.zip
2023-05-11,FRSCE3,SoCal Citygate,CAISO delivered fuel-region cost; includes transport/reimbursement components; non-GHG,3.33,1,24,CAISO_PRC_FUEL_2023_05.zip
2023-05-12,FRSCE3,SoCal Citygate,CAISO delivered fuel-region cost; includes transport/reimbursement components; non-GHG,3.32,1,24,CAISO_PRC_FUEL_2023_05.zip
2023-05-13,FRSCE3,SoCal Citygate,CAISO delivered fuel-region cost; includes transport/reimbursement components; non-GHG,3.35,1,24,CAISO_PRC_FUEL_2023_05.zip
2023-05-14,FRSCE3,SoCal Citygate,CAISO delivered fuel-region cost; includes transport/reimbursement components; non-GHG,3.35,1,24,CAISO_PRC_FUEL_2023_05.zip
2023-05-15,FRSCE3,SoCal Citygate,CAISO delivered fuel-region cost; includes transport/reimbursement components; non-GHG,3.35,1,24,CAISO_PRC_FUEL_2023_05.zip
2023-05-16,FRSCE3,SoCal Citygate,CAISO delivered fuel-region cost; includes transport/reimbursement components; non-GHG,4.3,1,24,CAISO_PRC_FUEL_2023_05.zip
2023-05-17,FRSCE3,SoCal Citygate,CAISO delivered fuel-region cost; includes transport/reimbursement components; non-GHG,4.17,1,24,CAISO_PRC_FUEL_2023_05.zip
2023-05-18,FRSCE3,SoCal Citygate,CAISO delivered fuel-region cost; includes transport/reimbursement components; non-GHG,4.12,1,24,CAISO_PRC_FUEL_2023_05.zip
2023-05-19,FRSCE3,SoCal Citygate,CAISO delivered fuel-region cost; includes transport/reimbursement components; non-GHG,3.69,1,24,CAISO_PRC_FUEL_2023_05.zip
2023-05-20,FRSCE3,SoCal Citygate,CAISO delivered fuel-region cost; includes transport/reimbursement components; non-GHG,3.61,1,24,CAISO_PRC_FUEL_2023_05.zip
2023-05-21,FRSCE3,SoCal Citygate,CAISO delivered fuel-region cost; includes transport/reimbursement components; non-GHG,3.61,1,24,CAISO_PRC_FUEL_2023_05.zip
2023-05-22,FRSCE3,SoCal Citygate,CAISO delivered fuel-region cost; includes transport/reimbursement components; non-GHG,3.61,1,24,CAISO_PRC_FUEL_2023_05.zip
2023-05-23,FRSCE3,SoCal Citygate,CAISO delivered fuel-region cost; includes transport/reimbursement components; non-GHG,3.88,1,24,CAISO_PRC_FUEL_2023_05.zip
2023-05-24,FRSCE3,SoCal Citygate,CAISO delivered fuel-region cost; includes transport/reimbursement components; non-GHG,3.93,1,24,CAISO_PRC_FUEL_2023_05.zip
2023-05-25,FRSCE3,SoCal Citygate,CAISO delivered fuel-region cost; includes transport/reimbursement components; non-GHG,3.8,1,24,CAISO_PRC_FUEL_2023_05.zip
2023-05-26,FRSCE3,SoCal Citygate,CAISO delivered fuel-region cost; includes transport/reimbursement components; non-GHG,3.54,1,24,CAISO_PRC_FUEL_2023_05.zip
2023-05-27,FRSCE3,SoCal Citygate,CAISO delivered fuel-region cost; includes transport/reimbursement components; non-GHG,3.15,1,24,CAISO_PRC_FUEL_2023_05.zip
2023-05-28,FRSCE3,SoCal Citygate,CAISO delivered fuel-region cost; includes transport/reimbursement components; non-GHG,3.15,1,24,CAISO_PRC_FUEL_2023_05.zip
2023-05-29,FRSCE3,SoCal Citygate,CAISO delivered fuel-region cost; includes transport/reimbursement components; non-GHG,3.15,1,24,CAISO_PRC_FUEL_2023_05.zip
2023-05-30,FRSCE3,SoCal Citygate,CAISO delivered fuel-region cost; includes transport/reimbursement components; non-GHG,3.16,1,24,CAISO_PRC_FUEL_2023_05.zip
2023-05-31,FRSCE3,SoCal Citygate,CAISO delivered fuel-region cost; includes transport/reimbursement components; non-GHG,4.06,1,24,CAISO_PRC_FUEL_2023_05.zip
2023-06-01,FRSCE3,SoCal Citygate,CAISO delivered fuel-region cost; includes transport/reimbursement components; non-GHG,3.69,1,24,CAISO_PRC_FUEL_2023_06.zip
2023-06-02,FRSCE3,SoCal Citygate,CAISO delivered fuel-region cost; includes transport/reimbursement components; non-GHG,3.39,1,24,CAISO_PRC_FUEL_2023_06.zip
2023-06-03,FRSCE3,SoCal Citygate,CAISO delivered fuel-region cost; includes transport/reimbursement components; non-GHG,3.5,1,24,CAISO_PRC_FUEL_2023_06.zip
2023-06-04,FRSCE3,SoCal Citygate,CAISO delivered fuel-region cost; includes transport/reimbursement components; non-GHG,3.5,1,24,CAISO_PRC_FUEL_2023_06.zip
2023-06-05,FRSCE3,SoCal Citygate,CAISO delivered fuel-region cost; includes transport/reimbursement components; non-GHG,3.5,1,24,CAISO_PRC_FUEL_2023_06.zip
2023-06-06,FRSCE3,SoCal Citygate,CAISO delivered fuel-region cost; includes transport/reimbursement components; non-GHG,4.29,1,24,CAISO_PRC_FUEL_2023_06.zip
2023-06-07,FRSCE3,SoCal Citygate,CAISO delivered fuel-region cost; includes transport/reimbursement components; non-GHG,4.46,1,24,CAISO_PRC_FUEL_2023_06.zip
2023-06-08,FRSCE3,SoCal Citygate,CAISO delivered fuel-region cost; includes transport/reimbursement components; non-GHG,4.86,1,24,CAISO_PRC_FUEL_2023_06.zip
2023-06-09,FRSCE3,SoCal Citygate,CAISO delivered fuel-region cost; includes transport/reimbursement components; non-GHG,4.5,1,24,CAISO_PRC_FUEL_2023_06.zip
2023-06-10,FRSCE3,SoCal Citygate,CAISO delivered fuel-region cost; includes transport/reimbursement components; non-GHG,3.54,1,24,CAISO_PRC_FUEL_2023_06.zip
2023-06-11,FRSCE3,SoCal Citygate,CAISO delivered fuel-region cost; includes transport/reimbursement components; non-GHG,3.54,1,24,CAISO_PRC_FUEL_2023_06.zip
2023-06-12,FRSCE3,SoCal Citygate,CAISO delivered fuel-region cost; includes transport/reimbursement components; non-GHG,3.54,1,24,CAISO_PRC_FUEL_2023_06.zip
2023-06-13,FRSCE3,SoCal Citygate,CAISO delivered fuel-region cost; includes transport/reimbursement components; non-GHG,4.64,1,24,CAISO_PRC_FUEL_2023_06.zip
2023-06-14,FRSCE3,SoCal Citygate,CAISO delivered fuel-region cost; includes transport/reimbursement components; non-GHG,4.61,1,24,CAISO_PRC_FUEL_2023_06.zip
2023-06-15,FRSCE3,SoCal Citygate,CAISO delivered fuel-region cost; includes transport/reimbursement components; non-GHG,4.69,1,24,CAISO_PRC_FUEL_2023_06.zip
2023-06-16,FRSCE3,SoCal Citygate,CAISO delivered fuel-region cost; includes transport/reimbursement components; non-GHG,5.37,1,24,CAISO_PRC_FUEL_2023_06.zip
2023-06-17,FRSCE3,SoCal Citygate,CAISO delivered fuel-region cost; includes transport/reimbursement components; non-GHG,5.19,1,24,CAISO_PRC_FUEL_2023_06.zip
2023-06-18,FRSCE3,SoCal Citygate,CAISO delivered fuel-region cost; includes transport/reimbursement components; non-GHG,5.19,1,24,CAISO_PRC_FUEL_2023_06.zip
2023-06-19,FRSCE3,SoCal Citygate,CAISO delivered fuel-region cost; includes transport/reimbursement components; non-GHG,5.19,1,24,CAISO_PRC_FUEL_2023_06.zip
2023-06-20,FRSCE3,SoCal Citygate,CAISO delivered fuel-region cost; includes transport/reimbursement components; non-GHG,5.19,1,24,CAISO_PRC_FUEL_2023_06.zip
2023-06-21,FRSCE3,SoCal Citygate,CAISO delivered fuel-region cost; includes transport/reimbursement components; non-GHG,5.58,1,24,CAISO_PRC_FUEL_2023_06.zip
2023-06-22,FRSCE3,SoCal Citygate,CAISO delivered fuel-region cost; includes transport/reimbursement components; non-GHG,6.35,1,24,CAISO_PRC_FUEL_2023_06.zip
2023-06-23,FRSCE3,SoCal Citygate,CAISO delivered fuel-region cost; includes transport/reimbursement components; non-GHG,6.55,1,24,CAISO_PRC_FUEL_2023_06.zip
2023-06-24,FRSCE3,SoCal Citygate,CAISO delivered fuel-region cost; includes transport/reimbursement components; non-GHG,4.67,1,24,CAISO_PRC_FUEL_2023_06.zip
2023-06-25,FRSCE3,SoCal Citygate,CAISO delivered fuel-region cost; includes transport/reimbursement components; non-GHG,4.67,1,24,CAISO_PRC_FUEL_2023_06.zip
2023-06-26,FRSCE3,SoCal Citygate,CAISO delivered fuel-region cost; includes transport/reimbursement components; non-GHG,4.67,1,24,CAISO_PRC_FUEL_2023_06.zip
2023-06-27,FRSCE3,SoCal Citygate,CAISO delivered fuel-region cost; includes transport/reimbursement components; non-GHG,6.48,1,24,CAISO_PRC_FUEL_2023_06.zip
2023-06-28,FRSCE3,SoCal Citygate,CAISO delivered fuel-region cost; includes transport/reimbursement components; non-GHG,6.53,1,24,CAISO_PRC_FUEL_2023_06.zip
2023-06-29,FRSCE3,SoCal Citygate,CAISO delivered fuel-region cost; includes transport/reimbursement components; non-GHG,6.41,1,24,CAISO_PRC_FUEL_2023_06.zip
2023-06-30,FRSCE3,SoCal Citygate,CAISO delivered fuel-region cost; includes transport/reimbursement components; non-GHG,7.13,1,24,CAISO_PRC_FUEL_2023_06.zip
2023-07-01,FRSCE3,SoCal Citygate,CAISO delivered fuel-region cost; includes transport/reimbursement components; non-GHG,5.45,1,24,CAISO_PRC_FUEL_2023_07.zip
2023-07-02,FRSCE3,SoCal Citygate,CAISO delivered fuel-region cost; includes transport/reimbursement components; non-GHG,5.45,1,24,CAISO_PRC_FUEL_2023_07.zip
2023-07-03,FRSCE3,SoCal Citygate,CAISO delivered fuel-region cost; includes transport/reimbursement components; non-GHG,5.45,1,24,CAISO_PRC_FUEL_2023_07.zip
2023-07-04,FRSCE3,SoCal Citygate,CAISO delivered fuel-region cost; includes transport/reimbursement components; non-GHG,5.47,1,24,CAISO_PRC_FUEL_2023_07.zip
2023-07-05,FRSCE3,SoCal Citygate,CAISO delivered fuel-region cost; includes transport/reimbursement components; non-GHG,5.47,1,24,CAISO_PRC_FUEL_2023_07.zip
2023-07-06,FRSCE3,SoCal Citygate,CAISO delivered fuel-region cost; includes transport/reimbursement components; non-GHG,5.28,1,24,CAISO_PRC_FUEL_2023_07.zip
2023-07-07,FRSCE3,SoCal Citygate,CAISO delivered fuel-region cost; includes transport/reimbursement components; non-GHG,4.78,1,24,CAISO_PRC_FUEL_2023_07.zip
2023-07-08,FRSCE3,SoCal Citygate,CAISO delivered fuel-region cost; includes transport/reimbursement components; non-GHG,4.05,1,24,CAISO_PRC_FUEL_2023_07.zip
2023-07-09,FRSCE3,SoCal Citygate,CAISO delivered fuel-region cost; includes transport/reimbursement components; non-GHG,4.05,1,24,CAISO_PRC_FUEL_2023_07.zip
2023-07-10,FRSCE3,SoCal Citygate,CAISO delivered fuel-region cost; includes transport/reimbursement components; non-GHG,4.05,1,24,CAISO_PRC_FUEL_2023_07.zip
2023-07-11,FRSCE3,SoCal Citygate,CAISO delivered fuel-region cost; includes transport/reimbursement components; non-GHG,5.07,1,24,CAISO_PRC_FUEL_2023_07.zip
2023-07-12,FRSCE3,SoCal Citygate,CAISO delivered fuel-region cost; includes transport/reimbursement components; non-GHG,5.01,1,24,CAISO_PRC_FUEL_2023_07.zip
2023-07-13,FRSCE3,SoCal Citygate,CAISO delivered fuel-region cost; includes transport/reimbursement components; non-GHG,4.95,1,24,CAISO_PRC_FUEL_2023_07.zip
2023-07-14,FRSCE3,SoCal Citygate,CAISO delivered fuel-region cost; includes transport/reimbursement components; non-GHG,5.46,1,24,CAISO_PRC_FUEL_2023_07.zip
2023-07-15,FRSCE3,SoCal Citygate,CAISO delivered fuel-region cost; includes transport/reimbursement components; non-GHG,6.33,1,24,CAISO_PRC_FUEL_2023_07.zip
2023-07-16,FRSCE3,SoCal Citygate,CAISO delivered fuel-region cost; includes transport/reimbursement components; non-GHG,6.33,1,24,CAISO_PRC_FUEL_2023_07.zip
2023-07-17,FRSCE3,SoCal Citygate,CAISO delivered fuel-region cost; includes transport/reimbursement components; non-GHG,6.33,1,24,CAISO_PRC_FUEL_2023_07.zip
2023-07-18,FRSCE3,SoCal Citygate,CAISO delivered fuel-region cost; includes transport/reimbursement components; non-GHG,7.72,1,24,CAISO_PRC_FUEL_2023_07.zip
2023-07-19,FRSCE3,SoCal Citygate,CAISO delivered fuel-region cost; includes transport/reimbursement components; non-GHG,7.12,1,24,CAISO_PRC_FUEL_2023_07.zip
2023-07-20,FRSCE3,SoCal Citygate,CAISO delivered fuel-region cost; includes transport/reimbursement components; non-GHG,7.15,1,24,CAISO_PRC_FUEL_2023_07.zip
2023-07-21,FRSCE3,SoCal Citygate,CAISO delivered fuel-region cost; includes transport/reimbursement components; non-GHG,8.17,1,24,CAISO_PRC_FUEL_2023_07.zip
2023-07-22,FRSCE3,SoCal Citygate,CAISO delivered fuel-region cost; includes transport/reimbursement components; non-GHG,8.07,1,24,CAISO_PRC_FUEL_2023_07.zip
2023-07-23,FRSCE3,SoCal Citygate,CAISO delivered fuel-region cost; includes transport/reimbursement components; non-GHG,8.07,1,24,CAISO_PRC_FUEL_2023_07.zip
2023-07-24,FRSCE3,SoCal Citygate,CAISO delivered fuel-region cost; includes transport/reimbursement components; non-GHG,8.07,1,24,CAISO_PRC_FUEL_2023_07.zip
2023-07-25,FRSCE3,SoCal Citygate,CAISO delivered fuel-region cost; includes transport/reimbursement components; non-GHG,8.86,1,24,CAISO_PRC_FUEL_2023_07.zip
2023-07-26,FRSCE3,SoCal Citygate,CAISO delivered fuel-region cost; includes transport/reimbursement components; non-GHG,8.15,1,24,CAISO_PRC_FUEL_2023_07.zip
2023-07-27,FRSCE3,SoCal Citygate,CAISO delivered fuel-region cost; includes transport/reimbursement components; non-GHG,13.82,1,24,CAISO_PRC_FUEL_2023_07.zip
2023-07-28,FRSCE3,SoCal Citygate,CAISO delivered fuel-region cost; includes transport/reimbursement components; non-GHG,11.47,1,24,CAISO_PRC_FUEL_2023_07.zip
2023-07-29,FRSCE3,SoCal Citygate,CAISO delivered fuel-region cost; includes transport/reimbursement components; non-GHG,11.27,1,24,CAISO_PRC_FUEL_2023_07.zip
2023-07-30,FRSCE3,SoCal Citygate,CAISO delivered fuel-region cost; includes transport/reimbursement components; non-GHG,11.27,1,24,CAISO_PRC_FUEL_2023_07.zip
2023-07-31,FRSCE3,SoCal Citygate,CAISO delivered fuel-region cost; includes transport/reimbursement components; non-GHG,11.27,1,24,CAISO_PRC_FUEL_2023_07.zip
2023-08-01,FRSCE3,SoCal Citygate,CAISO delivered fuel-region cost; includes transport/reimbursement components; non-GHG,9.76,1,24,CAISO_PRC_FUEL_2023_08.zip
2023-08-02,FRSCE3,SoCal Citygate,CAISO delivered fuel-region cost; includes transport/reimbursement components; non-GHG,9.37,1,24,CAISO_PRC_FUEL_2023_08.zip
2023-08-03,FRSCE3,SoCal Citygate,CAISO delivered fuel-region cost; includes transport/reimbursement components; non-GHG,10.31,1,24,CAISO_PRC_FUEL_2023_08.zip
2023-08-04,FRSCE3,SoCal Citygate,CAISO delivered fuel-region cost; includes transport/reimbursement components; non-GHG,10.0,1,24,CAISO_PRC_FUEL_2023_08.zip
2023-08-05,FRSCE3,SoCal Citygate,CAISO delivered fuel-region cost; includes transport/reimbursement components; non-GHG,10.63,1,24,CAISO_PRC_FUEL_2023_08.zip
2023-08-06,FRSCE3,SoCal Citygate,CAISO delivered fuel-region cost; includes transport/reimbursement components; non-GHG,10.63,1,24,CAISO_PRC_FUEL_2023_08.zip
2023-08-07,FRSCE3,SoCal Citygate,CAISO delivered fuel-region cost; includes transport/reimbursement components; non-GHG,10.63,1,24,CAISO_PRC_FUEL_2023_08.zip
2023-08-08,FRSCE3,SoCal Citygate,CAISO delivered fuel-region cost; includes transport/reimbursement components; non-GHG,9.17,1,24,CAISO_PRC_FUEL_2023_08.zip
2023-08-09,FRSCE3,SoCal Citygate,CAISO delivered fuel-region cost; includes transport/reimbursement components; non-GHG,6.58,1,24,CAISO_PRC_FUEL_2023_08.zip
2023-08-10,FRSCE3,SoCal Citygate,CAISO delivered fuel-region cost; includes transport/reimbursement components; non-GHG,6.52,1,24,CAISO_PRC_FUEL_2023_08.zip
2023-08-11,FRSCE3,SoCal Citygate,CAISO delivered fuel-region cost; includes transport/reimbursement components; non-GHG,6.41,1,24,CAISO_PRC_FUEL_2023_08.zip
2023-08-12,FRSCE3,SoCal Citygate,CAISO delivered fuel-region cost; includes transport/reimbursement components; non-GHG,6.33,1,24,CAISO_PRC_FUEL_2023_08.zip
2023-08-13,FRSCE3,SoCal Citygate,CAISO delivered fuel-region cost; includes transport/reimbursement components; non-GHG,6.33,1,24,CAISO_PRC_FUEL_2023_08.zip
2023-08-14,FRSCE3,SoCal Citygate,CAISO delivered fuel-region cost; includes transport/reimbursement components; non-GHG,6.33,1,24,CAISO_PRC_FUEL_2023_08.zip
2023-08-15,FRSCE3,SoCal Citygate,CAISO delivered fuel-region cost; includes transport/reimbursement components; non-GHG,9.62,1,24,CAISO_PRC_FUEL_2023_08.zip
2023-08-16,FRSCE3,SoCal Citygate,CAISO delivered fuel-region cost; includes transport/reimbursement components; non-GHG,9.7,1,24,CAISO_PRC_FUEL_2023_08.zip
2023-08-17,FRSCE3,SoCal Citygate,CAISO delivered fuel-region cost; includes transport/reimbursement components; non-GHG,9.42,1,24,CAISO_PRC_FUEL_2023_08.zip
2023-08-18,FRSCE3,SoCal Citygate,CAISO delivered fuel-region cost; includes transport/reimbursement components; non-GHG,7.29,1,24,CAISO_PRC_FUEL_2023_08.zip
2023-08-19,FRSCE3,SoCal Citygate,CAISO delivered fuel-region cost; includes transport/reimbursement components; non-GHG,5.02,1,24,CAISO_PRC_FUEL_2023_08.zip
2023-08-20,FRSCE3,SoCal Citygate,CAISO delivered fuel-region cost; includes transport/reimbursement components; non-GHG,5.02,1,24,CAISO_PRC_FUEL_2023_08.zip
2023-08-21,FRSCE3,SoCal Citygate,CAISO delivered fuel-region cost; includes transport/reimbursement components; non-GHG,5.02,1,24,CAISO_PRC_FUEL_2023_08.zip
2023-08-22,FRSCE3,SoCal Citygate,CAISO delivered fuel-region cost; includes transport/reimbursement components; non-GHG,5.34,1,24,CAISO_PRC_FUEL_2023_08.zip
2023-08-23,FRSCE3,SoCal Citygate,CAISO delivered fuel-region cost; includes transport/reimbursement components; non-GHG,5.4,1,24,CAISO_PRC_FUEL_2023_08.zip
2023-08-24,FRSCE3,SoCal Citygate,CAISO delivered fuel-region cost; includes transport/reimbursement components; non-GHG,5.09,1,24,CAISO_PRC_FUEL_2023_08.zip
2023-08-25,FRSCE3,SoCal Citygate,CAISO delivered fuel-region cost; includes transport/reimbursement components; non-GHG,6.06,1,24,CAISO_PRC_FUEL_2023_08.zip
2023-08-26,FRSCE3,SoCal Citygate,CAISO delivered fuel-region cost; includes transport/reimbursement components; non-GHG,6.09,1,24,CAISO_PRC_FUEL_2023_08.zip
2023-08-27,FRSCE3,SoCal Citygate,CAISO delivered fuel-region cost; includes transport/reimbursement components; non-GHG,6.09,1,24,CAISO_PRC_FUEL_2023_08.zip
2023-08-28,FRSCE3,SoCal Citygate,CAISO delivered fuel-region cost; includes transport/reimbursement components; non-GHG,6.09,1,24,CAISO_PRC_FUEL_2023_08.zip
2023-08-29,FRSCE3,SoCal Citygate,CAISO delivered fuel-region cost; includes transport/reimbursement components; non-GHG,11.67,1,24,CAISO_PRC_FUEL_2023_08.zip
2023-08-30,FRSCE3,SoCal Citygate,CAISO delivered fuel-region cost; includes transport/reimbursement components; non-GHG,8.02,1,24,CAISO_PRC_FUEL_2023_08.zip
2023-08-31,FRSCE3,SoCal Citygate,CAISO delivered fuel-region cost; includes transport/reimbursement components; non-GHG,5.23,1,24,CAISO_PRC_FUEL_2023_08.zip
2023-09-01,FRSCE3,SoCal Citygate,CAISO delivered fuel-region cost; includes transport/reimbursement components; non-GHG,4.67,1,24,CAISO_PRC_FUEL_2023_09.zip
2023-09-02,FRSCE3,SoCal Citygate,CAISO delivered fuel-region cost; includes transport/reimbursement components; non-GHG,4.19,1,24,CAISO_PRC_FUEL_2023_09.zip
2023-09-03,FRSCE3,SoCal Citygate,CAISO delivered fuel-region cost; includes transport/reimbursement components; non-GHG,4.19,1,24,CAISO_PRC_FUEL_2023_09.zip
2023-09-04,FRSCE3,SoCal Citygate,CAISO delivered fuel-region cost; includes transport/reimbursement components; non-GHG,4.19,1,24,CAISO_PRC_FUEL_2023_09.zip
2023-09-05,FRSCE3,SoCal Citygate,CAISO delivered fuel-region cost; includes transport/reimbursement components; non-GHG,4.19,1,24,CAISO_PRC_FUEL_2023_09.zip
2023-09-06,FRSCE3,SoCal Citygate,CAISO delivered fuel-region cost; includes transport/reimbursement components; non-GHG,4.14,1,24,CAISO_PRC_FUEL_2023_09.zip
2023-09-07,FRSCE3,SoCal Citygate,CAISO delivered fuel-region cost; includes transport/reimbursement components; non-GHG,4.62,1,24,CAISO_PRC_FUEL_2023_09.zip
2023-09-08,FRSCE3,SoCal Citygate,CAISO delivered fuel-region cost; includes transport/reimbursement components; non-GHG,5.67,1,24,CAISO_PRC_FUEL_2023_09.zip
2023-09-09,FRSCE3,SoCal Citygate,CAISO delivered fuel-region cost; includes transport/reimbursement components; non-GHG,5.99,1,24,CAISO_PRC_FUEL_2023_09.zip
2023-09-10,FRSCE3,SoCal Citygate,CAISO delivered fuel-region cost; includes transport/reimbursement components; non-GHG,5.99,1,24,CAISO_PRC_FUEL_2023_09.zip
2023-09-11,FRSCE3,SoCal Citygate,CAISO delivered fuel-region cost; includes transport/reimbursement components; non-GHG,5.99,1,24,CAISO_PRC_FUEL_2023_09.zip
2023-09-12,FRSCE3,SoCal Citygate,CAISO delivered fuel-region cost; includes transport/reimbursement components; non-GHG,6.89,1,24,CAISO_PRC_FUEL_2023_09.zip
2023-09-13,FRSCE3,SoCal Citygate,CAISO delivered fuel-region cost; includes transport/reimbursement components; non-GHG,6.5,1,24,CAISO_PRC_FUEL_2023_09.zip
2023-09-14,FRSCE3,SoCal Citygate,CAISO delivered fuel-region cost; includes transport/reimbursement components; non-GHG,6.43,1,24,CAISO_PRC_FUEL_2023_09.zip
2023-09-15,FRSCE3,SoCal Citygate,CAISO delivered fuel-region cost; includes transport/reimbursement components; non-GHG,6.45,1,24,CAISO_PRC_FUEL_2023_09.zip
2023-09-16,FRSCE3,SoCal Citygate,CAISO delivered fuel-region cost; includes transport/reimbursement components; non-GHG,5.4,1,24,CAISO_PRC_FUEL_2023_09.zip
2023-09-17,FRSCE3,SoCal Citygate,CAISO delivered fuel-region cost; includes transport/reimbursement components; non-GHG,5.4,1,24,CAISO_PRC_FUEL_2023_09.zip
2023-09-18,FRSCE3,SoCal Citygate,CAISO delivered fuel-region cost; includes transport/reimbursement components; non-GHG,5.4,1,24,CAISO_PRC_FUEL_2023_09.zip
2023-09-19,FRSCE3,SoCal Citygate,CAISO delivered fuel-region cost; includes transport/reimbursement components; non-GHG,5.57,1,24,CAISO_PRC_FUEL_2023_09.zip
2023-09-20,FRSCE3,SoCal Citygate,CAISO delivered fuel-region cost; includes transport/reimbursement components; non-GHG,5.37,1,24,CAISO_PRC_FUEL_2023_09.zip
2023-09-21,FRSCE3,SoCal Citygate,CAISO delivered fuel-region cost; includes transport/reimbursement components; non-GHG,5.7,1,24,CAISO_PRC_FUEL_2023_09.zip
2023-09-22,FRSCE3,SoCal Citygate,CAISO delivered fuel-region cost; includes transport/reimbursement components; non-GHG,6.74,1,24,CAISO_PRC_FUEL_2023_09.zip
2023-09-23,FRSCE3,SoCal Citygate,CAISO delivered fuel-region cost; includes transport/reimbursement components; non-GHG,5.1,1,24,CAISO_PRC_FUEL_2023_09.zip
2023-09-24,FRSCE3,SoCal Citygate,CAISO delivered fuel-region cost; includes transport/reimbursement components; non-GHG,5.1,1,24,CAISO_PRC_FUEL_2023_09.zip
2023-09-25,FRSCE3,SoCal Citygate,CAISO delivered fuel-region cost; includes transport/reimbursement components; non-GHG,5.1,1,24,CAISO_PRC_FUEL_2023_09.zip
2023-09-26,FRSCE3,SoCal Citygate,CAISO delivered fuel-region cost; includes transport/reimbursement components; non-GHG,7.01,1,24,CAISO_PRC_FUEL_2023_09.zip
2023-09-27,FRSCE3,SoCal Citygate,CAISO delivered fuel-region cost; includes transport/reimbursement components; non-GHG,4.71,1,24,CAISO_PRC_FUEL_2023_09.zip
2023-09-28,FRSCE3,SoCal Citygate,CAISO delivered fuel-region cost; includes transport/reimbursement components; non-GHG,4.5,1,24,CAISO_PRC_FUEL_2023_09.zip
2023-09-29,FRSCE3,SoCal Citygate,CAISO delivered fuel-region cost; includes transport/reimbursement components; non-GHG,4.52,1,24,CAISO_PRC_FUEL_2023_09.zip
2023-09-30,FRSCE3,SoCal Citygate,CAISO delivered fuel-region cost; includes transport/reimbursement components; non-GHG,5.48,1,24,CAISO_PRC_FUEL_2023_09.zip
2023-10-01,FRSCE3,SoCal Citygate,CAISO delivered fuel-region cost; includes transport/reimbursement components; non-GHG,5.48,1,24,CAISO_PRC_FUEL_2023_10.zip
2023-10-02,FRSCE3,SoCal Citygate,CAISO delivered fuel-region cost; includes transport/reimbursement components; non-GHG,5.48,1,24,CAISO_PRC_FUEL_2023_10.zip
2023-10-03,FRSCE3,SoCal Citygate,CAISO delivered fuel-region cost; includes transport/reimbursement components; non-GHG,6.69,1,24,CAISO_PRC_FUEL_2023_10.zip
2023-10-04,FRSCE3,SoCal Citygate,CAISO delivered fuel-region cost; includes transport/reimbursement components; non-GHG,7.66,1,24,CAISO_PRC_FUEL_2023_10.zip
2023-10-05,FRSCE3,SoCal Citygate,CAISO delivered fuel-region cost; includes transport/reimbursement components; non-GHG,8.65,1,24,CAISO_PRC_FUEL_2023_10.zip
2023-10-06,FRSCE3,SoCal Citygate,CAISO delivered fuel-region cost; includes transport/reimbursement components; non-GHG,9.07,1,24,CAISO_PRC_FUEL_2023_10.zip
2023-10-07,FRSCE3,SoCal Citygate,CAISO delivered fuel-region cost; includes transport/reimbursement components; non-GHG,8.09,1,24,CAISO_PRC_FUEL_2023_10.zip
2023-10-08,FRSCE3,SoCal Citygate,CAISO delivered fuel-region cost; includes transport/reimbursement components; non-GHG,8.09,1,24,CAISO_PRC_FUEL_2023_10.zip
2023-10-09,FRSCE3,SoCal Citygate,CAISO delivered fuel-region cost; includes transport/reimbursement components; non-GHG,8.09,1,24,CAISO_PRC_FUEL_2023_10.zip
2023-10-10,FRSCE3,SoCal Citygate,CAISO delivered fuel-region cost; includes transport/reimbursement components; non-GHG,8.33,1,24,CAISO_PRC_FUEL_2023_10.zip
2023-10-11,FRSCE3,SoCal Citygate,CAISO delivered fuel-region cost; includes transport/reimbursement components; non-GHG,7.98,1,24,CAISO_PRC_FUEL_2023_10.zip
2023-10-12,FRSCE3,SoCal Citygate,CAISO delivered fuel-region cost; includes transport/reimbursement components; non-GHG,10.07,1,24,CAISO_PRC_FUEL_2023_10.zip
2023-10-13,FRSCE3,SoCal Citygate,CAISO delivered fuel-region cost; includes transport/reimbursement components; non-GHG,10.62,1,24,CAISO_PRC_FUEL_2023_10.zip
2023-10-14,FRSCE3,SoCal Citygate,CAISO delivered fuel-region cost; includes transport/reimbursement components; non-GHG,11.48,1,24,CAISO_PRC_FUEL_2023_10.zip
2023-10-15,FRSCE3,SoCal Citygate,CAISO delivered fuel-region cost; includes transport/reimbursement components; non-GHG,11.48,1,24,CAISO_PRC_FUEL_2023_10.zip
2023-10-16,FRSCE3,SoCal Citygate,CAISO delivered fuel-region cost; includes transport/reimbursement components; non-GHG,11.48,1,24,CAISO_PRC_FUEL_2023_10.zip
2023-10-17,FRSCE3,SoCal Citygate,CAISO delivered fuel-region cost; includes transport/reimbursement components; non-GHG,12.25,1,24,CAISO_PRC_FUEL_2023_10.zip
2023-10-18,FRSCE3,SoCal Citygate,CAISO delivered fuel-region cost; includes transport/reimbursement components; non-GHG,13.43,1,24,CAISO_PRC_FUEL_2023_10.zip
2023-10-19,FRSCE3,SoCal Citygate,CAISO delivered fuel-region cost; includes transport/reimbursement components; non-GHG,13.25,1,24,CAISO_PRC_FUEL_2023_10.zip
2023-10-20,FRSCE3,SoCal Citygate,CAISO delivered fuel-region cost; includes transport/reimbursement components; non-GHG,12.92,1,24,CAISO_PRC_FUEL_2023_10.zip
2023-10-21,FRSCE3,SoCal Citygate,CAISO delivered fuel-region cost; includes transport/reimbursement components; non-GHG,7.92,1,24,CAISO_PRC_FUEL_2023_10.zip
2023-10-22,FRSCE3,SoCal Citygate,CAISO delivered fuel-region cost; includes transport/reimbursement components; non-GHG,7.92,1,24,CAISO_PRC_FUEL_2023_10.zip
2023-10-23,FRSCE3,SoCal Citygate,CAISO delivered fuel-region cost; includes transport/reimbursement components; non-GHG,7.92,1,24,CAISO_PRC_FUEL_2023_10.zip
2023-10-24,FRSCE3,SoCal Citygate,CAISO delivered fuel-region cost; includes transport/reimbursement components; non-GHG,7.91,1,24,CAISO_PRC_FUEL_2023_10.zip
2023-10-25,FRSCE3,SoCal Citygate,CAISO delivered fuel-region cost; includes transport/reimbursement components; non-GHG,7.55,1,24,CAISO_PRC_FUEL_2023_10.zip
2023-10-26,FRSCE3,SoCal Citygate,CAISO delivered fuel-region cost; includes transport/reimbursement components; non-GHG,6.81,1,24,CAISO_PRC_FUEL_2023_10.zip
2023-10-27,FRSCE3,SoCal Citygate,CAISO delivered fuel-region cost; includes transport/reimbursement components; non-GHG,6.79,1,24,CAISO_PRC_FUEL_2023_10.zip
2023-10-28,FRSCE3,SoCal Citygate,CAISO delivered fuel-region cost; includes transport/reimbursement components; non-GHG,6.88,1,24,CAISO_PRC_FUEL_2023_10.zip
2023-10-29,FRSCE3,SoCal Citygate,CAISO delivered fuel-region cost; includes transport/reimbursement components; non-GHG,6.88,1,24,CAISO_PRC_FUEL_2023_10.zip
2023-10-30,FRSCE3,SoCal Citygate,CAISO delivered fuel-region cost; includes transport/reimbursement components; non-GHG,6.88,1,24,CAISO_PRC_FUEL_2023_10.zip
2023-10-31,FRSCE3,SoCal Citygate,CAISO delivered fuel-region cost; includes transport/reimbursement components; non-GHG,7.71,1,24,CAISO_PRC_FUEL_2023_10.zip
2023-11-01,FRSCE3,SoCal Citygate,CAISO delivered fuel-region cost; includes transport/reimbursement components; non-GHG,8.08,1,24,CAISO_PRC_FUEL_2023_11.zip
2023-11-02,FRSCE3,SoCal Citygate,CAISO delivered fuel-region cost; includes transport/reimbursement components; non-GHG,8.89,1,24,CAISO_PRC_FUEL_2023_11.zip
2023-11-03,FRSCE3,SoCal Citygate,CAISO delivered fuel-region cost; includes transport/reimbursement components; non-GHG,9.04,1,24,CAISO_PRC_FUEL_2023_11.zip
2023-11-04,FRSCE3,SoCal Citygate,CAISO delivered fuel-region cost; includes transport/reimbursement components; non-GHG,7.54,1,24,CAISO_PRC_FUEL_2023_11.zip
2023-11-05,FRSCE3,SoCal Citygate,CAISO delivered fuel-region cost; includes transport/reimbursement components; non-GHG,7.54,1,25,CAISO_PRC_FUEL_2023_11.zip
2023-11-06,FRSCE3,SoCal Citygate,CAISO delivered fuel-region cost; includes transport/reimbursement components; non-GHG,7.54,1,24,CAISO_PRC_FUEL_2023_11.zip
2023-11-07,FRSCE3,SoCal Citygate,CAISO delivered fuel-region cost; includes transport/reimbursement components; non-GHG,9.84,1,24,CAISO_PRC_FUEL_2023_11.zip
2023-11-08,FRSCE3,SoCal Citygate,CAISO delivered fuel-region cost; includes transport/reimbursement components; non-GHG,8.91,1,24,CAISO_PRC_FUEL_2023_11.zip
2023-11-09,FRSCE3,SoCal Citygate,CAISO delivered fuel-region cost; includes transport/reimbursement components; non-GHG,8.04,1,24,CAISO_PRC_FUEL_2023_11.zip
2023-11-10,FRSCE3,SoCal Citygate,CAISO delivered fuel-region cost; includes transport/reimbursement components; non-GHG,7.46,1,24,CAISO_PRC_FUEL_2023_11.zip
2023-11-11,FRSCE3,SoCal Citygate,CAISO delivered fuel-region cost; includes transport/reimbursement components; non-GHG,7.47,1,24,CAISO_PRC_FUEL_2023_11.zip
2023-11-12,FRSCE3,SoCal Citygate,CAISO delivered fuel-region cost; includes transport/reimbursement components; non-GHG,7.47,1,24,CAISO_PRC_FUEL_2023_11.zip
2023-11-13,FRSCE3,SoCal Citygate,CAISO delivered fuel-region cost; includes transport/reimbursement components; non-GHG,7.47,1,24,CAISO_PRC_FUEL_2023_11.zip
2023-11-14,FRSCE3,SoCal Citygate,CAISO delivered fuel-region cost; includes transport/reimbursement components; non-GHG,7.19,1,24,CAISO_PRC_FUEL_2023_11.zip
2023-11-15,FRSCE3,SoCal Citygate,CAISO delivered fuel-region cost; includes transport/reimbursement components; non-GHG,8.78,1,24,CAISO_PRC_FUEL_2023_11.zip
2023-11-16,FRSCE3,SoCal Citygate,CAISO delivered fuel-region cost; includes transport/reimbursement components; non-GHG,8.71,1,24,CAISO_PRC_FUEL_2023_11.zip
2023-11-17,FRSCE3,SoCal Citygate,CAISO delivered fuel-region cost; includes transport/reimbursement components; non-GHG,7.69,1,24,CAISO_PRC_FUEL_2023_11.zip
2023-11-18,FRSCE3,SoCal Citygate,CAISO delivered fuel-region cost; includes transport/reimbursement components; non-GHG,6.95,1,24,CAISO_PRC_FUEL_2023_11.zip
2023-11-19,FRSCE3,SoCal Citygate,CAISO delivered fuel-region cost; includes transport/reimbursement components; non-GHG,6.95,1,24,CAISO_PRC_FUEL_2023_11.zip
2023-11-20,FRSCE3,SoCal Citygate,CAISO delivered fuel-region cost; includes transport/reimbursement components; non-GHG,6.95,1,24,CAISO_PRC_FUEL_2023_11.zip
2023-11-21,FRSCE3,SoCal Citygate,CAISO delivered fuel-region cost; includes transport/reimbursement components; non-GHG,7.36,1,24,CAISO_PRC_FUEL_2023_11.zip
2023-11-22,FRSCE3,SoCal Citygate,CAISO delivered fuel-region cost; includes transport/reimbursement components; non-GHG,6.4,1,24,CAISO_PRC_FUEL_2023_11.zip
2023-11-23,FRSCE3,SoCal Citygate,CAISO delivered fuel-region cost; includes transport/reimbursement components; non-GHG,5.9,1,24,CAISO_PRC_FUEL_2023_11.zip
2023-11-24,FRSCE3,SoCal Citygate,CAISO delivered fuel-region cost; includes transport/reimbursement components; non-GHG,5.79,1,24,CAISO_PRC_FUEL_2023_11.zip
2023-11-25,FRSCE3,SoCal Citygate,CAISO delivered fuel-region cost; includes transport/reimbursement components; non-GHG,5.79,1,24,CAISO_PRC_FUEL_2023_11.zip
2023-11-26,FRSCE3,SoCal Citygate,CAISO delivered fuel-region cost; includes transport/reimbursement components; non-GHG,5.79,1,24,CAISO_PRC_FUEL_2023_11.zip
2023-11-27,FRSCE3,SoCal Citygate,CAISO delivered fuel-region cost; includes transport/reimbursement components; non-GHG,5.79,1,24,CAISO_PRC_FUEL_2023_11.zip
2023-11-28,FRSCE3,SoCal Citygate,CAISO delivered fuel-region cost; includes transport/reimbursement components; non-GHG,7.52,1,24,CAISO_PRC_FUEL_2023_11.zip
2023-11-29,FRSCE3,SoCal Citygate,CAISO delivered fuel-region cost; includes transport/reimbursement components; non-GHG,7.68,1,24,CAISO_PRC_FUEL_2023_11.zip
2023-11-30,FRSCE3,SoCal Citygate,CAISO delivered fuel-region cost; includes transport/reimbursement components; non-GHG,7.72,1,24,CAISO_PRC_FUEL_2023_11.zip
2023-12-01,FRSCE3,SoCal Citygate,CAISO delivered fuel-region cost; includes transport/reimbursement components; non-GHG,7.03,1,24,CAISO_PRC_FUEL_2023_12.zip
2023-12-02,FRSCE3,SoCal Citygate,CAISO delivered fuel-region cost; includes transport/reimbursement components; non-GHG,6.19,1,24,CAISO_PRC_FUEL_2023_12.zip
2023-12-03,FRSCE3,SoCal Citygate,CAISO delivered fuel-region cost; includes transport/reimbursement components; non-GHG,6.19,1,24,CAISO_PRC_FUEL_2023_12.zip
2023-12-04,FRSCE3,SoCal Citygate,CAISO delivered fuel-region cost; includes transport/reimbursement components; non-GHG,6.19,1,24,CAISO_PRC_FUEL_2023_12.zip
2023-12-05,FRSCE3,SoCal Citygate,CAISO delivered fuel-region cost; includes transport/reimbursement components; non-GHG,6.04,1,24,CAISO_PRC_FUEL_2023_12.zip
2023-12-06,FRSCE3,SoCal Citygate,CAISO delivered fuel-region cost; includes transport/reimbursement components; non-GHG,6.18,1,24,CAISO_PRC_FUEL_2023_12.zip
2023-12-07,FRSCE3,SoCal Citygate,CAISO delivered fuel-region cost; includes transport/reimbursement components; non-GHG,5.9,1,24,CAISO_PRC_FUEL_2023_12.zip
2023-12-08,FRSCE3,SoCal Citygate,CAISO delivered fuel-region cost; includes transport/reimbursement components; non-GHG,5.23,1,24,CAISO_PRC_FUEL_2023_12.zip
2023-12-09,FRSCE3,SoCal Citygate,CAISO delivered fuel-region cost; includes transport/reimbursement components; non-GHG,4.79,1,24,CAISO_PRC_FUEL_2023_12.zip
2023-12-10,FRSCE3,SoCal Citygate,CAISO delivered fuel-region cost; includes transport/reimbursement components; non-GHG,4.79,1,24,CAISO_PRC_FUEL_2023_12.zip
2023-12-11,FRSCE3,SoCal Citygate,CAISO delivered fuel-region cost; includes transport/reimbursement components; non-GHG,4.79,1,24,CAISO_PRC_FUEL_2023_12.zip
2023-12-12,FRSCE3,SoCal Citygate,CAISO delivered fuel-region cost; includes transport/reimbursement components; non-GHG,5.26,1,24,CAISO_PRC_FUEL_2023_12.zip
2023-12-13,FRSCE3,SoCal Citygate,CAISO delivered fuel-region cost; includes transport/reimbursement components; non-GHG,5.7,1,24,CAISO_PRC_FUEL_2023_12.zip
2023-12-14,FRSCE3,SoCal Citygate,CAISO delivered fuel-region cost; includes transport/reimbursement components; non-GHG,5.81,1,24,CAISO_PRC_FUEL_2023_12.zip
2023-12-15,FRSCE3,SoCal Citygate,CAISO delivered fuel-region cost; includes transport/reimbursement components; non-GHG,5.15,1,24,CAISO_PRC_FUEL_2023_12.zip
2023-12-16,FRSCE3,SoCal Citygate,CAISO delivered fuel-region cost; includes transport/reimbursement components; non-GHG,4.98,1,24,CAISO_PRC_FUEL_2023_12.zip
2023-12-17,FRSCE3,SoCal Citygate,CAISO delivered fuel-region cost; includes transport/reimbursement components; non-GHG,4.98,1,24,CAISO_PRC_FUEL_2023_12.zip
2023-12-18,FRSCE3,SoCal Citygate,CAISO delivered fuel-region cost; includes transport/reimbursement components; non-GHG,4.98,1,24,CAISO_PRC_FUEL_2023_12.zip
2023-12-19,FRSCE3,SoCal Citygate,CAISO delivered fuel-region cost; includes transport/reimbursement components; non-GHG,4.86,1,24,CAISO_PRC_FUEL_2023_12.zip
2023-12-20,FRSCE3,SoCal Citygate,CAISO delivered fuel-region cost; includes transport/reimbursement components; non-GHG,5.12,1,24,CAISO_PRC_FUEL_2023_12.zip
2023-12-21,FRSCE3,SoCal Citygate,CAISO delivered fuel-region cost; includes transport/reimbursement components; non-GHG,4.95,1,24,CAISO_PRC_FUEL_2023_12.zip
2023-12-22,FRSCE3,SoCal Citygate,CAISO delivered fuel-region cost; includes transport/reimbursement components; non-GHG,4.44,1,24,CAISO_PRC_FUEL_2023_12.zip
2023-12-23,FRSCE3,SoCal Citygate,CAISO delivered fuel-region cost; includes transport/reimbursement components; non-GHG,4.02,1,24,CAISO_PRC_FUEL_2023_12.zip
2023-12-24,FRSCE3,SoCal Citygate,CAISO delivered fuel-region cost; includes transport/reimbursement components; non-GHG,4.02,1,24,CAISO_PRC_FUEL_2023_12.zip
2023-12-25,FRSCE3,SoCal Citygate,CAISO delivered fuel-region cost; includes transport/reimbursement components; non-GHG,4.02,1,24,CAISO_PRC_FUEL_2023_12.zip
2023-12-26,FRSCE3,SoCal Citygate,CAISO delivered fuel-region cost; includes transport/reimbursement components; non-GHG,4.01,1,24,CAISO_PRC_FUEL_2023_12.zip
2023-12-27,FRSCE3,SoCal Citygate,CAISO delivered fuel-region cost; includes transport/reimbursement components; non-GHG,4.3,1,24,CAISO_PRC_FUEL_2023_12.zip
2023-12-28,FRSCE3,SoCal Citygate,CAISO delivered fuel-region cost; includes transport/reimbursement components; non-GHG,4.51,1,24,CAISO_PRC_FUEL_2023_12.zip
2023-12-29,FRSCE3,SoCal Citygate,CAISO delivered fuel-region cost; includes transport/reimbursement components; non-GHG,4.28,1,24,CAISO_PRC_FUEL_2023_12.zip
2023-12-30,FRSCE3,SoCal Citygate,CAISO delivered fuel-region cost; includes transport/reimbursement components; non-GHG,4.48,1,24,CAISO_PRC_FUEL_2023_12.zip
2023-12-31,FRSCE3,SoCal Citygate,CAISO delivered fuel-region cost; includes transport/reimbursement components; non-GHG,4.48,1,24,CAISO_PRC_FUEL_2023_12.zip
2024-01-01,FRSCE3,SoCal Citygate,CAISO delivered fuel-region cost; includes transport/reimbursement components; non-GHG,4.48,1,24,CAISO_PRC_FUEL_2024_01.zip
2024-01-02,FRSCE3,SoCal Citygate,CAISO delivered fuel-region cost; includes transport/reimbursement components; non-GHG,4.47,1,24,CAISO_PRC_FUEL_2024_01.zip
2024-01-03,FRSCE3,SoCal Citygate,CAISO delivered fuel-region cost; includes transport/reimbursement components; non-GHG,5.14,1,24,CAISO_PRC_FUEL_2024_01.zip
2024-01-04,FRSCE3,SoCal Citygate,CAISO delivered fuel-region cost; includes transport/reimbursement components; non-GHG,5.42,1,24,CAISO_PRC_FUEL_2024_01.zip
2024-01-05,FRSCE3,SoCal Citygate,CAISO delivered fuel-region cost; includes transport/reimbursement components; non-GHG,7.21,1,24,CAISO_PRC_FUEL_2024_01.zip
2024-01-06,FRSCE3,SoCal Citygate,CAISO delivered fuel-region cost; includes transport/reimbursement components; non-GHG,7.24,1,24,CAISO_PRC_FUEL_2024_01.zip
2024-01-07,FRSCE3,SoCal Citygate,CAISO delivered fuel-region cost; includes transport/reimbursement components; non-GHG,7.24,1,24,CAISO_PRC_FUEL_2024_01.zip
2024-01-08,FRSCE3,SoCal Citygate,CAISO delivered fuel-region cost; includes transport/reimbursement components; non-GHG,7.24,1,24,CAISO_PRC_FUEL_2024_01.zip
2024-01-09,FRSCE3,SoCal Citygate,CAISO delivered fuel-region cost; includes transport/reimbursement components; non-GHG,6.52,1,24,CAISO_PRC_FUEL_2024_01.zip
2024-01-10,FRSCE3,SoCal Citygate,CAISO delivered fuel-region cost; includes transport/reimbursement components; non-GHG,7.7,1,24,CAISO_PRC_FUEL_2024_01.zip
2024-01-11,FRSCE3,SoCal Citygate,CAISO delivered fuel-region cost; includes transport/reimbursement components; non-GHG,8.14,1,24,CAISO_PRC_FUEL_2024_01.zip
2024-01-12,FRSCE3,SoCal Citygate,CAISO delivered fuel-region cost; includes transport/reimbursement components; non-GHG,7.05,1,24,CAISO_PRC_FUEL_2024_01.zip
2024-01-13,FRSCE3,SoCal Citygate,CAISO delivered fuel-region cost; includes transport/reimbursement components; non-GHG,14.81,1,24,CAISO_PRC_FUEL_2024_01.zip
2024-01-14,FRSCE3,SoCal Citygate,CAISO delivered fuel-region cost; includes transport/reimbursement components; non-GHG,14.81,1,24,CAISO_PRC_FUEL_2024_01.zip
2024-01-15,FRSCE3,SoCal Citygate,CAISO delivered fuel-region cost; includes transport/reimbursement components; non-GHG,14.81,1,24,CAISO_PRC_FUEL_2024_01.zip
2024-01-16,FRSCE3,SoCal Citygate,CAISO delivered fuel-region cost; includes transport/reimbursement components; non-GHG,15.06,1,24,CAISO_PRC_FUEL_2024_01.zip
2024-01-17,FRSCE3,SoCal Citygate,CAISO delivered fuel-region cost; includes transport/reimbursement components; non-GHG,7.4,1,24,CAISO_PRC_FUEL_2024_01.zip
2024-01-18,FRSCE3,SoCal Citygate,CAISO delivered fuel-region cost; includes transport/reimbursement components; non-GHG,5.86,1,24,CAISO_PRC_FUEL_2024_01.zip
2024-01-19,FRSCE3,SoCal Citygate,CAISO delivered fuel-region cost; includes transport/reimbursement components; non-GHG,6.04,1,24,CAISO_PRC_FUEL_2024_01.zip
2024-01-20,FRSCE3,SoCal Citygate,CAISO delivered fuel-region cost; includes transport/reimbursement components; non-GHG,5.93,1,24,CAISO_PRC_FUEL_2024_01.zip
2024-01-21,FRSCE3,SoCal Citygate,CAISO delivered fuel-region cost; includes transport/reimbursement components; non-GHG,5.93,1,24,CAISO_PRC_FUEL_2024_01.zip
2024-01-22,FRSCE3,SoCal Citygate,CAISO delivered fuel-region cost; includes transport/reimbursement components; non-GHG,5.93,1,24,CAISO_PRC_FUEL_2024_01.zip
2024-01-23,FRSCE3,SoCal Citygate,CAISO delivered fuel-region cost; includes transport/reimbursement components; non-GHG,6.03,1,24,CAISO_PRC_FUEL_2024_01.zip
2024-01-24,FRSCE3,SoCal Citygate,CAISO delivered fuel-region cost; includes transport/reimbursement components; non-GHG,5.95,1,24,CAISO_PRC_FUEL_2024_01.zip
2024-01-25,FRSCE3,SoCal Citygate,CAISO delivered fuel-region cost; includes transport/reimbursement components; non-GHG,6.02,1,24,CAISO_PRC_FUEL_2024_01.zip
2024-01-26,FRSCE3,SoCal Citygate,CAISO delivered fuel-region cost; includes transport/reimbursement components; non-GHG,6.33,1,24,CAISO_PRC_FUEL_2024_01.zip
2024-01-27,FRSCE3,SoCal Citygate,CAISO delivered fuel-region cost; includes transport/reimbursement components; non-GHG,5.84,1,24,CAISO_PRC_FUEL_2024_01.zip
2024-01-28,FRSCE3,SoCal Citygate,CAISO delivered fuel-region cost; includes transport/reimbursement components; non-GHG,5.84,1,24,CAISO_PRC_FUEL_2024_01.zip
2024-01-29,FRSCE3,SoCal Citygate,CAISO delivered fuel-region cost; includes transport/reimbursement components; non-GHG,5.84,1,24,CAISO_PRC_FUEL_2024_01.zip
2024-01-30,FRSCE3,SoCal Citygate,CAISO delivered fuel-region cost; includes transport/reimbursement components; non-GHG,5.73,1,24,CAISO_PRC_FUEL_2024_01.zip
2024-01-31,FRSCE3,SoCal Citygate,CAISO delivered fuel-region cost; includes transport/reimbursement components; non-GHG,5.38,1,24,CAISO_PRC_FUEL_2024_01.zip
2024-02-01,FRSCE3,SoCal Citygate,CAISO delivered fuel-region cost; includes transport/reimbursement components; non-GHG,5.47,1,24,CAISO_PRC_FUEL_2024_02.zip
2024-02-02,FRSCE3,SoCal Citygate,CAISO delivered fuel-region cost; includes transport/reimbursement components; non-GHG,5.45,1,24,CAISO_PRC_FUEL_2024_02.zip
2024-02-03,FRSCE3,SoCal Citygate,CAISO delivered fuel-region cost; includes transport/reimbursement components; non-GHG,5.25,1,24,CAISO_PRC_FUEL_2024_02.zip
2024-02-04,FRSCE3,SoCal Citygate,CAISO delivered fuel-region cost; includes transport/reimbursement components; non-GHG,5.25,1,24,CAISO_PRC_FUEL_2024_02.zip
2024-02-05,FRSCE3,SoCal Citygate,CAISO delivered fuel-region cost; includes transport/reimbursement components; non-GHG,5.25,1,24,CAISO_PRC_FUEL_2024_02.zip
2024-02-06,FRSCE3,SoCal Citygate,CAISO delivered fuel-region cost; includes transport/reimbursement components; non-GHG,5.54,1,24,CAISO_PRC_FUEL_2024_02.zip
2024-02-07,FRSCE3,SoCal Citygate,CAISO delivered fuel-region cost; includes transport/reimbursement components; non-GHG,5.54,1,24,CAISO_PRC_FUEL_2024_02.zip
2024-02-08,FRSCE3,SoCal Citygate,CAISO delivered fuel-region cost; includes transport/reimbursement components; non-GHG,5.62,1,24,CAISO_PRC_FUEL_2024_02.zip
2024-02-09,FRSCE3,SoCal Citygate,CAISO delivered fuel-region cost; includes transport/reimbursement components; non-GHG,5.52,1,24,CAISO_PRC_FUEL_2024_02.zip
2024-02-10,FRSCE3,SoCal Citygate,CAISO delivered fuel-region cost; includes transport/reimbursement components; non-GHG,5.49,1,24,CAISO_PRC_FUEL_2024_02.zip
2024-02-11,FRSCE3,SoCal Citygate,CAISO delivered fuel-region cost; includes transport/reimbursement components; non-GHG,5.49,1,24,CAISO_PRC_FUEL_2024_02.zip
2024-02-12,FRSCE3,SoCal Citygate,CAISO delivered fuel-region cost; includes transport/reimbursement components; non-GHG,5.49,1,24,CAISO_PRC_FUEL_2024_02.zip
2024-02-13,FRSCE3,SoCal Citygate,CAISO delivered fuel-region cost; includes transport/reimbursement components; non-GHG,5.61,1,24,CAISO_PRC_FUEL_2024_02.zip
2024-02-14,FRSCE3,SoCal Citygate,CAISO delivered fuel-region cost; includes transport/reimbursement components; non-GHG,5.51,1,24,CAISO_PRC_FUEL_2024_02.zip
2024-02-15,FRSCE3,SoCal Citygate,CAISO delivered fuel-region cost; includes transport/reimbursement components; non-GHG,5.4,1,24,CAISO_PRC_FUEL_2024_02.zip
2024-02-16,FRSCE3,SoCal Citygate,CAISO delivered fuel-region cost; includes transport/reimbursement components; non-GHG,5.07,1,24,CAISO_PRC_FUEL_2024_02.zip
2024-02-17,FRSCE3,SoCal Citygate,CAISO delivered fuel-region cost; includes transport/reimbursement components; non-GHG,4.62,1,24,CAISO_PRC_FUEL_2024_02.zip
2024-02-18,FRSCE3,SoCal Citygate,CAISO delivered fuel-region cost; includes transport/reimbursement components; non-GHG,4.62,1,24,CAISO_PRC_FUEL_2024_02.zip
2024-02-19,FRSCE3,SoCal Citygate,CAISO delivered fuel-region cost; includes transport/reimbursement components; non-GHG,4.62,1,24,CAISO_PRC_FUEL_2024_02.zip
2024-02-20,FRSCE3,SoCal Citygate,CAISO delivered fuel-region cost; includes transport/reimbursement components; non-GHG,4.67,1,24,CAISO_PRC_FUEL_2024_02.zip
2024-02-21,FRSCE3,SoCal Citygate,CAISO delivered fuel-region cost; includes transport/reimbursement components; non-GHG,5.23,1,24,CAISO_PRC_FUEL_2024_02.zip
2024-02-22,FRSCE3,SoCal Citygate,CAISO delivered fuel-region cost; includes transport/reimbursement components; non-GHG,5.22,1,24,CAISO_PRC_FUEL_2024_02.zip
2024-02-23,FRSCE3,SoCal Citygate,CAISO delivered fuel-region cost; includes transport/reimbursement components; non-GHG,5.41,1,24,CAISO_PRC_FUEL_2024_02.zip
2024-02-24,FRSCE3,SoCal Citygate,CAISO delivered fuel-region cost; includes transport/reimbursement components; non-GHG,5.04,1,24,CAISO_PRC_FUEL_2024_02.zip
2024-02-25,FRSCE3,SoCal Citygate,CAISO delivered fuel-region cost; includes transport/reimbursement components; non-GHG,5.04,1,24,CAISO_PRC_FUEL_2024_02.zip
2024-02-26,FRSCE3,SoCal Citygate,CAISO delivered fuel-region cost; includes transport/reimbursement components; non-GHG,5.04,1,24,CAISO_PRC_FUEL_2024_02.zip
2024-02-27,FRSCE3,SoCal Citygate,CAISO delivered fuel-region cost; includes transport/reimbursement components; non-GHG,5.11,1,24,CAISO_PRC_FUEL_2024_02.zip
2024-02-28,FRSCE3,SoCal Citygate,CAISO delivered fuel-region cost; includes transport/reimbursement components; non-GHG,4.94,1,24,CAISO_PRC_FUEL_2024_02.zip
2024-02-29,FRSCE3,SoCal Citygate,CAISO delivered fuel-region cost; includes transport/reimbursement components; non-GHG,4.86,1,24,CAISO_PRC_FUEL_2024_02.zip
2024-03-01,FRSCE3,SoCal Citygate,CAISO delivered fuel-region cost; includes transport/reimbursement components; non-GHG,4.93,1,24,CAISO_PRC_FUEL_2024_03.zip
2024-03-02,FRSCE3,SoCal Citygate,CAISO delivered fuel-region cost; includes transport/reimbursement components; non-GHG,4.7,1,24,CAISO_PRC_FUEL_2024_03.zip
2024-03-03,FRSCE3,SoCal Citygate,CAISO delivered fuel-region cost; includes transport/reimbursement components; non-GHG,4.7,1,24,CAISO_PRC_FUEL_2024_03.zip
2024-03-04,FRSCE3,SoCal Citygate,CAISO delivered fuel-region cost; includes transport/reimbursement components; non-GHG,4.7,1,24,CAISO_PRC_FUEL_2024_03.zip
2024-03-05,FRSCE3,SoCal Citygate,CAISO delivered fuel-region cost; includes transport/reimbursement components; non-GHG,4.8,1,24,CAISO_PRC_FUEL_2024_03.zip
2024-03-06,FRSCE3,SoCal Citygate,CAISO delivered fuel-region cost; includes transport/reimbursement components; non-GHG,4.9,1,24,CAISO_PRC_FUEL_2024_03.zip
2024-03-07,FRSCE3,SoCal Citygate,CAISO delivered fuel-region cost; includes transport/reimbursement components; non-GHG,5.13,1,24,CAISO_PRC_FUEL_2024_03.zip
2024-03-08,FRSCE3,SoCal Citygate,CAISO delivered fuel-region cost; includes transport/reimbursement components; non-GHG,4.89,1,24,CAISO_PRC_FUEL_2024_03.zip
2024-03-09,FRSCE3,SoCal Citygate,CAISO delivered fuel-region cost; includes transport/reimbursement components; non-GHG,4.65,1,24,CAISO_PRC_FUEL_2024_03.zip
2024-03-10,FRSCE3,SoCal Citygate,CAISO delivered fuel-region cost; includes transport/reimbursement components; non-GHG,4.65,1,23,CAISO_PRC_FUEL_2024_03.zip
2024-03-11,FRSCE3,SoCal Citygate,CAISO delivered fuel-region cost; includes transport/reimbursement components; non-GHG,4.65,1,24,CAISO_PRC_FUEL_2024_03.zip
2024-03-12,FRSCE3,SoCal Citygate,CAISO delivered fuel-region cost; includes transport/reimbursement components; non-GHG,4.59,1,24,CAISO_PRC_FUEL_2024_03.zip
2024-03-13,FRSCE3,SoCal Citygate,CAISO delivered fuel-region cost; includes transport/reimbursement components; non-GHG,4.52,1,24,CAISO_PRC_FUEL_2024_03.zip
2024-03-14,FRSCE3,SoCal Citygate,CAISO delivered fuel-region cost; includes transport/reimbursement components; non-GHG,4.38,1,24,CAISO_PRC_FUEL_2024_03.zip
2024-03-15,FRSCE3,SoCal Citygate,CAISO delivered fuel-region cost; includes transport/reimbursement components; non-GHG,4.26,1,24,CAISO_PRC_FUEL_2024_03.zip
2024-03-16,FRSCE3,SoCal Citygate,CAISO delivered fuel-region cost; includes transport/reimbursement components; non-GHG,4.08,1,24,CAISO_PRC_FUEL_2024_03.zip
2024-03-17,FRSCE3,SoCal Citygate,CAISO delivered fuel-region cost; includes transport/reimbursement components; non-GHG,4.08,1,24,CAISO_PRC_FUEL_2024_03.zip
2024-03-18,FRSCE3,SoCal Citygate,CAISO delivered fuel-region cost; includes transport/reimbursement components; non-GHG,4.08,1,24,CAISO_PRC_FUEL_2024_03.zip
2024-03-19,FRSCE3,SoCal Citygate,CAISO delivered fuel-region cost; includes transport/reimbursement components; non-GHG,4.18,1,24,CAISO_PRC_FUEL_2024_03.zip
2024-03-20,FRSCE3,SoCal Citygate,CAISO delivered fuel-region cost; includes transport/reimbursement components; non-GHG,4.14,1,24,CAISO_PRC_FUEL_2024_03.zip
2024-03-21,FRSCE3,SoCal Citygate,CAISO delivered fuel-region cost; includes transport/reimbursement components; non-GHG,4.11,1,24,CAISO_PRC_FUEL_2024_03.zip
2024-03-22,FRSCE3,SoCal Citygate,CAISO delivered fuel-region cost; includes transport/reimbursement components; non-GHG,4.0,1,24,CAISO_PRC_FUEL_2024_03.zip
2024-03-23,FRSCE3,SoCal Citygate,CAISO delivered fuel-region cost; includes transport/reimbursement components; non-GHG,4.08,1,24,CAISO_PRC_FUEL_2024_03.zip
2024-03-24,FRSCE3,SoCal Citygate,CAISO delivered fuel-region cost; includes transport/reimbursement components; non-GHG,4.08,1,24,CAISO_PRC_FUEL_2024_03.zip
2024-03-25,FRSCE3,SoCal Citygate,CAISO delivered fuel-region cost; includes transport/reimbursement components; non-GHG,4.08,1,24,CAISO_PRC_FUEL_2024_03.zip
2024-03-26,FRSCE3,SoCal Citygate,CAISO delivered fuel-region cost; includes transport/reimbursement components; non-GHG,4.17,1,24,CAISO_PRC_FUEL_2024_03.zip
2024-03-27,FRSCE3,SoCal Citygate,CAISO delivered fuel-region cost; includes transport/reimbursement components; non-GHG,4.18,1,24,CAISO_PRC_FUEL_2024_03.zip
2024-03-28,FRSCE3,SoCal Citygate,CAISO delivered fuel-region cost; includes transport/reimbursement components; non-GHG,4.27,1,24,CAISO_PRC_FUEL_2024_03.zip
2024-03-29,FRSCE3,SoCal Citygate,CAISO delivered fuel-region cost; includes transport/reimbursement components; non-GHG,4.29,1,24,CAISO_PRC_FUEL_2024_03.zip
2024-03-30,FRSCE3,SoCal Citygate,CAISO delivered fuel-region cost; includes transport/reimbursement components; non-GHG,4.28,1,24,CAISO_PRC_FUEL_2024_03.zip
2024-03-31,FRSCE3,SoCal Citygate,CAISO delivered fuel-region cost; includes transport/reimbursement components; non-GHG,4.28,1,24,CAISO_PRC_FUEL_2024_03.zip
2024-04-01,FRSCE3,SoCal Citygate,CAISO delivered fuel-region cost; includes transport/reimbursement components; non-GHG,4.28,1,24,CAISO_PRC_FUEL_2024_04.zip
2024-04-02,FRSCE3,SoCal Citygate,CAISO delivered fuel-region cost; includes transport/reimbursement components; non-GHG,4.54,1,24,CAISO_PRC_FUEL_2024_04.zip
2024-04-03,FRSCE3,SoCal Citygate,CAISO delivered fuel-region cost; includes transport/reimbursement components; non-GHG,4.62,1,24,CAISO_PRC_FUEL_2024_04.zip
2024-04-04,FRSCE3,SoCal Citygate,CAISO delivered fuel-region cost; includes transport/reimbursement components; non-GHG,4.72,1,24,CAISO_PRC_FUEL_2024_04.zip
2024-04-05,FRSCE3,SoCal Citygate,CAISO delivered fuel-region cost; includes transport/reimbursement components; non-GHG,5.18,1,24,CAISO_PRC_FUEL_2024_04.zip
2024-04-06,FRSCE3,SoCal Citygate,CAISO delivered fuel-region cost; includes transport/reimbursement components; non-GHG,4.8,1,24,CAISO_PRC_FUEL_2024_04.zip
2024-04-07,FRSCE3,SoCal Citygate,CAISO delivered fuel-region cost; includes transport/reimbursement components; non-GHG,4.8,1,24,CAISO_PRC_FUEL_2024_04.zip
2024-04-08,FRSCE3,SoCal Citygate,CAISO delivered fuel-region cost; includes transport/reimbursement components; non-GHG,4.8,1,24,CAISO_PRC_FUEL_2024_04.zip
2024-04-09,FRSCE3,SoCal Citygate,CAISO delivered fuel-region cost; includes transport/reimbursement components; non-GHG,4.4,1,24,CAISO_PRC_FUEL_2024_04.zip
2024-04-10,FRSCE3,SoCal Citygate,CAISO delivered fuel-region cost; includes transport/reimbursement components; non-GHG,4.42,1,24,CAISO_PRC_FUEL_2024_04.zip
2024-04-11,FRSCE3,SoCal Citygate,CAISO delivered fuel-region cost; includes transport/reimbursement components; non-GHG,4.6,1,24,CAISO_PRC_FUEL_2024_04.zip
2024-04-12,FRSCE3,SoCal Citygate,CAISO delivered fuel-region cost; includes transport/reimbursement components; non-GHG,4.42,1,24,CAISO_PRC_FUEL_2024_04.zip
2024-04-13,FRSCE3,SoCal Citygate,CAISO delivered fuel-region cost; includes transport/reimbursement components; non-GHG,4.64,1,24,CAISO_PRC_FUEL_2024_04.zip
2024-04-14,FRSCE3,SoCal Citygate,CAISO delivered fuel-region cost; includes transport/reimbursement components; non-GHG,4.64,1,24,CAISO_PRC_FUEL_2024_04.zip
2024-04-15,FRSCE3,SoCal Citygate,CAISO delivered fuel-region cost; includes transport/reimbursement components; non-GHG,4.64,1,24,CAISO_PRC_FUEL_2024_04.zip
2024-04-16,FRSCE3,SoCal Citygate,CAISO delivered fuel-region cost; includes transport/reimbursement components; non-GHG,4.64,1,24,CAISO_PRC_FUEL_2024_04.zip
2024-04-17,FRSCE3,SoCal Citygate,CAISO delivered fuel-region cost; includes transport/reimbursement components; non-GHG,4.71,1,24,CAISO_PRC_FUEL_2024_04.zip
2024-04-18,FRSCE3,SoCal Citygate,CAISO delivered fuel-region cost; includes transport/reimbursement components; non-GHG,4.7,1,24,CAISO_PRC_FUEL_2024_04.zip
2024-04-19,FRSCE3,SoCal Citygate,CAISO delivered fuel-region cost; includes transport/reimbursement components; non-GHG,4.56,1,24,CAISO_PRC_FUEL_2024_04.zip
2024-04-20,FRSCE3,SoCal Citygate,CAISO delivered fuel-region cost; includes transport/reimbursement components; non-GHG,4.12,1,24,CAISO_PRC_FUEL_2024_04.zip
2024-04-21,FRSCE3,SoCal Citygate,CAISO delivered fuel-region cost; includes transport/reimbursement components; non-GHG,4.12,1,24,CAISO_PRC_FUEL_2024_04.zip
2024-04-22,FRSCE3,SoCal Citygate,CAISO delivered fuel-region cost; includes transport/reimbursement components; non-GHG,4.12,1,24,CAISO_PRC_FUEL_2024_04.zip
2024-04-23,FRSCE3,SoCal Citygate,CAISO delivered fuel-region cost; includes transport/reimbursement components; non-GHG,4.14,1,24,CAISO_PRC_FUEL_2024_04.zip
2024-04-24,FRSCE3,SoCal Citygate,CAISO delivered fuel-region cost; includes transport/reimbursement components; non-GHG,4.24,1,24,CAISO_PRC_FUEL_2024_04.zip
2024-04-25,FRSCE3,SoCal Citygate,CAISO delivered fuel-region cost; includes transport/reimbursement components; non-GHG,4.35,1,24,CAISO_PRC_FUEL_2024_04.zip
2024-04-26,FRSCE3,SoCal Citygate,CAISO delivered fuel-region cost; includes transport/reimbursement components; non-GHG,4.26,1,24,CAISO_PRC_FUEL_2024_04.zip
2024-04-27,FRSCE3,SoCal Citygate,CAISO delivered fuel-region cost; includes transport/reimbursement components; non-GHG,3.99,1,24,CAISO_PRC_FUEL_2024_04.zip
2024-04-28,FRSCE3,SoCal Citygate,CAISO delivered fuel-region cost; includes transport/reimbursement components; non-GHG,3.99,1,24,CAISO_PRC_FUEL_2024_04.zip
2024-04-29,FRSCE3,SoCal Citygate,CAISO delivered fuel-region cost; includes transport/reimbursement components; non-GHG,3.99,1,24,CAISO_PRC_FUEL_2024_04.zip
2024-04-30,FRSCE3,SoCal Citygate,CAISO delivered fuel-region cost; includes transport/reimbursement components; non-GHG,4.23,1,24,CAISO_PRC_FUEL_2024_04.zip
2024-05-01,FRSCE3,SoCal Citygate,CAISO delivered fuel-region cost; includes transport/reimbursement components; non-GHG,4.11,1,24,CAISO_PRC_FUEL_2024_05.zip
2024-05-02,FRSCE3,SoCal Citygate,CAISO delivered fuel-region cost; includes transport/reimbursement components; non-GHG,4.08,1,24,CAISO_PRC_FUEL_2024_05.zip
2024-05-03,FRSCE3,SoCal Citygate,CAISO delivered fuel-region cost; includes transport/reimbursement components; non-GHG,4.07,1,24,CAISO_PRC_FUEL_2024_05.zip
2024-05-04,FRSCE3,SoCal Citygate,CAISO delivered fuel-region cost; includes transport/reimbursement components; non-GHG,4.06,1,24,CAISO_PRC_FUEL_2024_05.zip
2024-05-05,FRSCE3,SoCal Citygate,CAISO delivered fuel-region cost; includes transport/reimbursement components; non-GHG,4.06,1,24,CAISO_PRC_FUEL_2024_05.zip
2024-05-06,FRSCE3,SoCal Citygate,CAISO delivered fuel-region cost; includes transport/reimbursement components; non-GHG,4.06,1,24,CAISO_PRC_FUEL_2024_05.zip
2024-05-07,FRSCE3,SoCal Citygate,CAISO delivered fuel-region cost; includes transport/reimbursement components; non-GHG,4.28,1,24,CAISO_PRC_FUEL_2024_05.zip
2024-05-08,FRSCE3,SoCal Citygate,CAISO delivered fuel-region cost; includes transport/reimbursement components; non-GHG,4.22,1,24,CAISO_PRC_FUEL_2024_05.zip
2024-05-09,FRSCE3,SoCal Citygate,CAISO delivered fuel-region cost; includes transport/reimbursement components; non-GHG,4.29,1,24,CAISO_PRC_FUEL_2024_05.zip
2024-05-10,FRSCE3,SoCal Citygate,CAISO delivered fuel-region cost; includes transport/reimbursement components; non-GHG,4.41,1,24,CAISO_PRC_FUEL_2024_05.zip
2024-05-11,FRSCE3,SoCal Citygate,CAISO delivered fuel-region cost; includes transport/reimbursement components; non-GHG,4.32,1,24,CAISO_PRC_FUEL_2024_05.zip
2024-05-12,FRSCE3,SoCal Citygate,CAISO delivered fuel-region cost; includes transport/reimbursement components; non-GHG,4.32,1,24,CAISO_PRC_FUEL_2024_05.zip
2024-05-13,FRSCE3,SoCal Citygate,CAISO delivered fuel-region cost; includes transport/reimbursement components; non-GHG,4.32,1,24,CAISO_PRC_FUEL_2024_05.zip
2024-05-14,FRSCE3,SoCal Citygate,CAISO delivered fuel-region cost; includes transport/reimbursement components; non-GHG,4.48,1,24,CAISO_PRC_FUEL_2024_05.zip
2024-05-15,FRSCE3,SoCal Citygate,CAISO delivered fuel-region cost; includes transport/reimbursement components; non-GHG,4.56,1,24,CAISO_PRC_FUEL_2024_05.zip
2024-05-16,FRSCE3,SoCal Citygate,CAISO delivered fuel-region cost; includes transport/reimbursement components; non-GHG,4.52,1,24,CAISO_PRC_FUEL_2024_05.zip
2024-05-17,FRSCE3,SoCal Citygate,CAISO delivered fuel-region cost; includes transport/reimbursement components; non-GHG,4.37,1,24,CAISO_PRC_FUEL_2024_05.zip
2024-05-18,FRSCE3,SoCal Citygate,CAISO delivered fuel-region cost; includes transport/reimbursement components; non-GHG,3.99,1,24,CAISO_PRC_FUEL_2024_05.zip
2024-05-19,FRSCE3,SoCal Citygate,CAISO delivered fuel-region cost; includes transport/reimbursement components; non-GHG,3.99,1,24,CAISO_PRC_FUEL_2024_05.zip
2024-05-20,FRSCE3,SoCal Citygate,CAISO delivered fuel-region cost; includes transport/reimbursement components; non-GHG,3.99,1,24,CAISO_PRC_FUEL_2024_05.zip
2024-05-21,FRSCE3,SoCal Citygate,CAISO delivered fuel-region cost; includes transport/reimbursement components; non-GHG,4.35,1,24,CAISO_PRC_FUEL_2024_05.zip
2024-05-22,FRSCE3,SoCal Citygate,CAISO delivered fuel-region cost; includes transport/reimbursement components; non-GHG,4.09,1,24,CAISO_PRC_FUEL_2024_05.zip
2024-05-23,FRSCE3,SoCal Citygate,CAISO delivered fuel-region cost; includes transport/reimbursement components; non-GHG,3.82,1,24,CAISO_PRC_FUEL_2024_05.zip
2024-05-24,FRSCE3,SoCal Citygate,CAISO delivered fuel-region cost; includes transport/reimbursement components; non-GHG,3.79,1,24,CAISO_PRC_FUEL_2024_05.zip
2024-05-25,FRSCE3,SoCal Citygate,CAISO delivered fuel-region cost; includes transport/reimbursement components; non-GHG,3.55,1,24,CAISO_PRC_FUEL_2024_05.zip
2024-05-26,FRSCE3,SoCal Citygate,CAISO delivered fuel-region cost; includes transport/reimbursement components; non-GHG,3.55,1,24,CAISO_PRC_FUEL_2024_05.zip
2024-05-27,FRSCE3,SoCal Citygate,CAISO delivered fuel-region cost; includes transport/reimbursement components; non-GHG,3.55,1,24,CAISO_PRC_FUEL_2024_05.zip
2024-05-28,FRSCE3,SoCal Citygate,CAISO delivered fuel-region cost; includes transport/reimbursement components; non-GHG,3.55,1,24,CAISO_PRC_FUEL_2024_05.zip
2024-05-29,FRSCE3,SoCal Citygate,CAISO delivered fuel-region cost; includes transport/reimbursement components; non-GHG,3.96,1,24,CAISO_PRC_FUEL_2024_05.zip
2024-05-30,FRSCE3,SoCal Citygate,CAISO delivered fuel-region cost; includes transport/reimbursement components; non-GHG,4.02,1,24,CAISO_PRC_FUEL_2024_05.zip
2024-05-31,FRSCE3,SoCal Citygate,CAISO delivered fuel-region cost; includes transport/reimbursement components; non-GHG,3.97,1,24,CAISO_PRC_FUEL_2024_05.zip
2024-06-01,FRSCE3,SoCal Citygate,CAISO delivered fuel-region cost; includes transport/reimbursement components; non-GHG,3.57,1,24,CAISO_PRC_FUEL_2024_06.zip
2024-06-02,FRSCE3,SoCal Citygate,CAISO delivered fuel-region cost; includes transport/reimbursement components; non-GHG,3.57,1,24,CAISO_PRC_FUEL_2024_06.zip
2024-06-03,FRSCE3,SoCal Citygate,CAISO delivered fuel-region cost; includes transport/reimbursement components; non-GHG,3.57,1,24,CAISO_PRC_FUEL_2024_06.zip
2024-06-04,FRSCE3,SoCal Citygate,CAISO delivered fuel-region cost; includes transport/reimbursement components; non-GHG,4.05,1,24,CAISO_PRC_FUEL_2024_06.zip
2024-06-05,FRSCE3,SoCal Citygate,CAISO delivered fuel-region cost; includes transport/reimbursement components; non-GHG,4.26,1,24,CAISO_PRC_FUEL_2024_06.zip
2024-06-06,FRSCE3,SoCal Citygate,CAISO delivered fuel-region cost; includes transport/reimbursement components; non-GHG,4.34,1,24,CAISO_PRC_FUEL_2024_06.zip
2024-06-07,FRSCE3,SoCal Citygate,CAISO delivered fuel-region cost; includes transport/reimbursement components; non-GHG,4.29,1,24,CAISO_PRC_FUEL_2024_06.zip
2024-06-08,FRSCE3,SoCal Citygate,CAISO delivered fuel-region cost; includes transport/reimbursement components; non-GHG,4.14,1,24,CAISO_PRC_FUEL_2024_06.zip
2024-06-09,FRSCE3,SoCal Citygate,CAISO delivered fuel-region cost; includes transport/reimbursement components; non-GHG,4.14,1,24,CAISO_PRC_FUEL_2024_06.zip
2024-06-10,FRSCE3,SoCal Citygate,CAISO delivered fuel-region cost; includes transport/reimbursement components; non-GHG,4.14,1,24,CAISO_PRC_FUEL_2024_06.zip
2024-06-11,FRSCE3,SoCal Citygate,CAISO delivered fuel-region cost; includes transport/reimbursement components; non-GHG,4.38,1,24,CAISO_PRC_FUEL_2024_06.zip
2024-06-12,FRSCE3,SoCal Citygate,CAISO delivered fuel-region cost; includes transport/reimbursement components; non-GHG,4.47,1,24,CAISO_PRC_FUEL_2024_06.zip
2024-06-13,FRSCE3,SoCal Citygate,CAISO delivered fuel-region cost; includes transport/reimbursement components; non-GHG,4.28,1,24,CAISO_PRC_FUEL_2024_06.zip
2024-06-14,FRSCE3,SoCal Citygate,CAISO delivered fuel-region cost; includes transport/reimbursement components; non-GHG,4.35,1,24,CAISO_PRC_FUEL_2024_06.zip
2024-06-15,FRSCE3,SoCal Citygate,CAISO delivered fuel-region cost; includes transport/reimbursement components; non-GHG,4.29,1,24,CAISO_PRC_FUEL_2024_06.zip
2024-06-16,FRSCE3,SoCal Citygate,CAISO delivered fuel-region cost; includes transport/reimbursement components; non-GHG,4.29,1,24,CAISO_PRC_FUEL_2024_06.zip
2024-06-17,FRSCE3,SoCal Citygate,CAISO delivered fuel-region cost; includes transport/reimbursement components; non-GHG,4.29,1,24,CAISO_PRC_FUEL_2024_06.zip
2024-06-18,FRSCE3,SoCal Citygate,CAISO delivered fuel-region cost; includes transport/reimbursement components; non-GHG,4.25,1,24,CAISO_PRC_FUEL_2024_06.zip
2024-06-19,FRSCE3,SoCal Citygate,CAISO delivered fuel-region cost; includes transport/reimbursement components; non-GHG,4.15,1,24,CAISO_PRC_FUEL_2024_06.zip
2024-06-20,FRSCE3,SoCal Citygate,CAISO delivered fuel-region cost; includes transport/reimbursement components; non-GHG,4.15,1,24,CAISO_PRC_FUEL_2024_06.zip
2024-06-21,FRSCE3,SoCal Citygate,CAISO delivered fuel-region cost; includes transport/reimbursement components; non-GHG,4.38,1,24,CAISO_PRC_FUEL_2024_06.zip
2024-06-22,FRSCE3,SoCal Citygate,CAISO delivered fuel-region cost; includes transport/reimbursement components; non-GHG,4.6,1,24,CAISO_PRC_FUEL_2024_06.zip
2024-06-23,FRSCE3,SoCal Citygate,CAISO delivered fuel-region cost; includes transport/reimbursement components; non-GHG,4.6,1,24,CAISO_PRC_FUEL_2024_06.zip
2024-06-24,FRSCE3,SoCal Citygate,CAISO delivered fuel-region cost; includes transport/reimbursement components; non-GHG,4.6,1,24,CAISO_PRC_FUEL_2024_06.zip
2024-06-25,FRSCE3,SoCal Citygate,CAISO delivered fuel-region cost; includes transport/reimbursement components; non-GHG,5.24,1,24,CAISO_PRC_FUEL_2024_06.zip
2024-06-26,FRSCE3,SoCal Citygate,CAISO delivered fuel-region cost; includes transport/reimbursement components; non-GHG,5.29,1,24,CAISO_PRC_FUEL_2024_06.zip
2024-06-27,FRSCE3,SoCal Citygate,CAISO delivered fuel-region cost; includes transport/reimbursement components; non-GHG,5.07,1,24,CAISO_PRC_FUEL_2024_06.zip
2024-06-28,FRSCE3,SoCal Citygate,CAISO delivered fuel-region cost; includes transport/reimbursement components; non-GHG,4.66,1,24,CAISO_PRC_FUEL_2024_06.zip
2024-06-29,FRSCE3,SoCal Citygate,CAISO delivered fuel-region cost; includes transport/reimbursement components; non-GHG,5.01,1,24,CAISO_PRC_FUEL_2024_06.zip
2024-06-30,FRSCE3,SoCal Citygate,CAISO delivered fuel-region cost; includes transport/reimbursement components; non-GHG,5.01,1,24,CAISO_PRC_FUEL_2024_06.zip
2024-07-01,FRSCE3,SoCal Citygate,CAISO delivered fuel-region cost; includes transport/reimbursement components; non-GHG,5.01,1,24,CAISO_PRC_FUEL_2024_07.zip
2024-07-02,FRSCE3,SoCal Citygate,CAISO delivered fuel-region cost; includes transport/reimbursement components; non-GHG,5.03,1,24,CAISO_PRC_FUEL_2024_07.zip
2024-07-03,FRSCE3,SoCal Citygate,CAISO delivered fuel-region cost; includes transport/reimbursement components; non-GHG,4.85,1,24,CAISO_PRC_FUEL_2024_07.zip
2024-07-04,FRSCE3,SoCal Citygate,CAISO delivered fuel-region cost; includes transport/reimbursement components; non-GHG,4.6,1,24,CAISO_PRC_FUEL_2024_07.zip
2024-07-05,FRSCE3,SoCal Citygate,CAISO delivered fuel-region cost; includes transport/reimbursement components; non-GHG,4.62,1,24,CAISO_PRC_FUEL_2024_07.zip
2024-07-06,FRSCE3,SoCal Citygate,CAISO delivered fuel-region cost; includes transport/reimbursement components; non-GHG,4.62,1,24,CAISO_PRC_FUEL_2024_07.zip
2024-07-07,FRSCE3,SoCal Citygate,CAISO delivered fuel-region cost; includes transport/reimbursement components; non-GHG,4.62,1,24,CAISO_PRC_FUEL_2024_07.zip
2024-07-08,FRSCE3,SoCal Citygate,CAISO delivered fuel-region cost; includes transport/reimbursement components; non-GHG,4.62,1,24,CAISO_PRC_FUEL_2024_07.zip
2024-07-09,FRSCE3,SoCal Citygate,CAISO delivered fuel-region cost; includes transport/reimbursement components; non-GHG,4.56,1,24,CAISO_PRC_FUEL_2024_07.zip
2024-07-10,FRSCE3,SoCal Citygate,CAISO delivered fuel-region cost; includes transport/reimbursement components; non-GHG,5.33,1,24,CAISO_PRC_FUEL_2024_07.zip
2024-07-11,FRSCE3,SoCal Citygate,CAISO delivered fuel-region cost; includes transport/reimbursement components; non-GHG,5.62,1,24,CAISO_PRC_FUEL_2024_07.zip
2024-07-12,FRSCE3,SoCal Citygate,CAISO delivered fuel-region cost; includes transport/reimbursement components; non-GHG,5.2,1,24,CAISO_PRC_FUEL_2024_07.zip
2024-07-13,FRSCE3,SoCal Citygate,CAISO delivered fuel-region cost; includes transport/reimbursement components; non-GHG,4.74,1,24,CAISO_PRC_FUEL_2024_07.zip
2024-07-14,FRSCE3,SoCal Citygate,CAISO delivered fuel-region cost; includes transport/reimbursement components; non-GHG,4.74,1,24,CAISO_PRC_FUEL_2024_07.zip
2024-07-15,FRSCE3,SoCal Citygate,CAISO delivered fuel-region cost; includes transport/reimbursement components; non-GHG,4.74,1,24,CAISO_PRC_FUEL_2024_07.zip
2024-07-16,FRSCE3,SoCal Citygate,CAISO delivered fuel-region cost; includes transport/reimbursement components; non-GHG,5.26,1,24,CAISO_PRC_FUEL_2024_07.zip
2024-07-17,FRSCE3,SoCal Citygate,CAISO delivered fuel-region cost; includes transport/reimbursement components; non-GHG,5.04,1,24,CAISO_PRC_FUEL_2024_07.zip
2024-07-18,FRSCE3,SoCal Citygate,CAISO delivered fuel-region cost; includes transport/reimbursement components; non-GHG,5.3,1,24,CAISO_PRC_FUEL_2024_07.zip
2024-07-19,FRSCE3,SoCal Citygate,CAISO delivered fuel-region cost; includes transport/reimbursement components; non-GHG,5.32,1,24,CAISO_PRC_FUEL_2024_07.zip
2024-07-20,FRSCE3,SoCal Citygate,CAISO delivered fuel-region cost; includes transport/reimbursement components; non-GHG,5.15,1,24,CAISO_PRC_FUEL_2024_07.zip
2024-07-21,FRSCE3,SoCal Citygate,CAISO delivered fuel-region cost; includes transport/reimbursement components; non-GHG,5.15,1,24,CAISO_PRC_FUEL_2024_07.zip
2024-07-22,FRSCE3,SoCal Citygate,CAISO delivered fuel-region cost; includes transport/reimbursement components; non-GHG,5.15,1,24,CAISO_PRC_FUEL_2024_07.zip
2024-07-23,FRSCE3,SoCal Citygate,CAISO delivered fuel-region cost; includes transport/reimbursement components; non-GHG,5.41,1,24,CAISO_PRC_FUEL_2024_07.zip
2024-07-24,FRSCE3,SoCal Citygate,CAISO delivered fuel-region cost; includes transport/reimbursement components; non-GHG,5.46,1,24,CAISO_PRC_FUEL_2024_07.zip
2024-07-25,FRSCE3,SoCal Citygate,CAISO delivered fuel-region cost; includes transport/reimbursement components; non-GHG,5.42,1,24,CAISO_PRC_FUEL_2024_07.zip
2024-07-26,FRSCE3,SoCal Citygate,CAISO delivered fuel-region cost; includes transport/reimbursement components; non-GHG,5.5,1,24,CAISO_PRC_FUEL_2024_07.zip
2024-07-27,FRSCE3,SoCal Citygate,CAISO delivered fuel-region cost; includes transport/reimbursement components; non-GHG,5.04,1,24,CAISO_PRC_FUEL_2024_07.zip
2024-07-28,FRSCE3,SoCal Citygate,CAISO delivered fuel-region cost; includes transport/reimbursement components; non-GHG,5.04,1,24,CAISO_PRC_FUEL_2024_07.zip
2024-07-29,FRSCE3,SoCal Citygate,CAISO delivered fuel-region cost; includes transport/reimbursement components; non-GHG,5.04,1,24,CAISO_PRC_FUEL_2024_07.zip
2024-07-30,FRSCE3,SoCal Citygate,CAISO delivered fuel-region cost; includes transport/reimbursement components; non-GHG,4.55,1,24,CAISO_PRC_FUEL_2024_07.zip
2024-07-31,FRSCE3,SoCal Citygate,CAISO delivered fuel-region cost; includes transport/reimbursement components; non-GHG,4.63,1,24,CAISO_PRC_FUEL_2024_07.zip
2024-08-01,FRSCE3,SoCal Citygate,CAISO delivered fuel-region cost; includes transport/reimbursement components; non-GHG,5.35,1,24,CAISO_PRC_FUEL_2024_08.zip
2024-08-02,FRSCE3,SoCal Citygate,CAISO delivered fuel-region cost; includes transport/reimbursement components; non-GHG,5.52,1,24,CAISO_PRC_FUEL_2024_08.zip
2024-08-03,FRSCE3,SoCal Citygate,CAISO delivered fuel-region cost; includes transport/reimbursement components; non-GHG,5.36,1,24,CAISO_PRC_FUEL_2024_08.zip
2024-08-04,FRSCE3,SoCal Citygate,CAISO delivered fuel-region cost; includes transport/reimbursement components; non-GHG,5.36,1,24,CAISO_PRC_FUEL_2024_08.zip
2024-08-05,FRSCE3,SoCal Citygate,CAISO delivered fuel-region cost; includes transport/reimbursement components; non-GHG,5.36,1,24,CAISO_PRC_FUEL_2024_08.zip
2024-08-06,FRSCE3,SoCal Citygate,CAISO delivered fuel-region cost; includes transport/reimbursement components; non-GHG,5.51,1,24,CAISO_PRC_FUEL_2024_08.zip
2024-08-07,FRSCE3,SoCal Citygate,CAISO delivered fuel-region cost; includes transport/reimbursement components; non-GHG,5.2,1,24,CAISO_PRC_FUEL_2024_08.zip
2024-08-08,FRSCE3,SoCal Citygate,CAISO delivered fuel-region cost; includes transport/reimbursement components; non-GHG,4.9,1,24,CAISO_PRC_FUEL_2024_08.zip
2024-08-09,FRSCE3,SoCal Citygate,CAISO delivered fuel-region cost; includes transport/reimbursement components; non-GHG,4.67,1,24,CAISO_PRC_FUEL_2024_08.zip
2024-08-10,FRSCE3,SoCal Citygate,CAISO delivered fuel-region cost; includes transport/reimbursement components; non-GHG,4.54,1,24,CAISO_PRC_FUEL_2024_08.zip
2024-08-11,FRSCE3,SoCal Citygate,CAISO delivered fuel-region cost; includes transport/reimbursement components; non-GHG,4.54,1,24,CAISO_PRC_FUEL_2024_08.zip
2024-08-12,FRSCE3,SoCal Citygate,CAISO delivered fuel-region cost; includes transport/reimbursement components; non-GHG,4.54,1,24,CAISO_PRC_FUEL_2024_08.zip
2024-08-13,FRSCE3,SoCal Citygate,CAISO delivered fuel-region cost; includes transport/reimbursement components; non-GHG,4.64,1,24,CAISO_PRC_FUEL_2024_08.zip
2024-08-14,FRSCE3,SoCal Citygate,CAISO delivered fuel-region cost; includes transport/reimbursement components; non-GHG,4.53,1,24,CAISO_PRC_FUEL_2024_08.zip
2024-08-15,FRSCE3,SoCal Citygate,CAISO delivered fuel-region cost; includes transport/reimbursement components; non-GHG,4.59,1,24,CAISO_PRC_FUEL_2024_08.zip
2024-08-16,FRSCE3,SoCal Citygate,CAISO delivered fuel-region cost; includes transport/reimbursement components; non-GHG,4.56,1,24,CAISO_PRC_FUEL_2024_08.zip
2024-08-17,FRSCE3,SoCal Citygate,CAISO delivered fuel-region cost; includes transport/reimbursement components; non-GHG,4.35,1,24,CAISO_PRC_FUEL_2024_08.zip
2024-08-18,FRSCE3,SoCal Citygate,CAISO delivered fuel-region cost; includes transport/reimbursement components; non-GHG,4.35,1,24,CAISO_PRC_FUEL_2024_08.zip
2024-08-19,FRSCE3,SoCal Citygate,CAISO delivered fuel-region cost; includes transport/reimbursement components; non-GHG,4.35,1,24,CAISO_PRC_FUEL_2024_08.zip
2024-08-20,FRSCE3,SoCal Citygate,CAISO delivered fuel-region cost; includes transport/reimbursement components; non-GHG,4.6,1,24,CAISO_PRC_FUEL_2024_08.zip
2024-08-21,FRSCE3,SoCal Citygate,CAISO delivered fuel-region cost; includes transport/reimbursement components; non-GHG,4.46,1,24,CAISO_PRC_FUEL_2024_08.zip
2024-08-22,FRSCE3,SoCal Citygate,CAISO delivered fuel-region cost; includes transport/reimbursement components; non-GHG,4.27,1,24,CAISO_PRC_FUEL_2024_08.zip
2024-08-23,FRSCE3,SoCal Citygate,CAISO delivered fuel-region cost; includes transport/reimbursement components; non-GHG,4.21,1,24,CAISO_PRC_FUEL_2024_08.zip
2024-08-24,FRSCE3,SoCal Citygate,CAISO delivered fuel-region cost; includes transport/reimbursement components; non-GHG,3.9,1,24,CAISO_PRC_FUEL_2024_08.zip
2024-08-25,FRSCE3,SoCal Citygate,CAISO delivered fuel-region cost; includes transport/reimbursement components; non-GHG,3.9,1,24,CAISO_PRC_FUEL_2024_08.zip
2024-08-26,FRSCE3,SoCal Citygate,CAISO delivered fuel-region cost; includes transport/reimbursement components; non-GHG,3.9,1,24,CAISO_PRC_FUEL_2024_08.zip
2024-08-27,FRSCE3,SoCal Citygate,CAISO delivered fuel-region cost; includes transport/reimbursement components; non-GHG,4.22,1,24,CAISO_PRC_FUEL_2024_08.zip
2024-08-28,FRSCE3,SoCal Citygate,CAISO delivered fuel-region cost; includes transport/reimbursement components; non-GHG,4.21,1,24,CAISO_PRC_FUEL_2024_08.zip
2024-08-29,FRSCE3,SoCal Citygate,CAISO delivered fuel-region cost; includes transport/reimbursement components; non-GHG,4.16,1,24,CAISO_PRC_FUEL_2024_08.zip
2024-08-30,FRSCE3,SoCal Citygate,CAISO delivered fuel-region cost; includes transport/reimbursement components; non-GHG,4.13,1,24,CAISO_PRC_FUEL_2024_08.zip
2024-08-31,FRSCE3,SoCal Citygate,CAISO delivered fuel-region cost; includes transport/reimbursement components; non-GHG,4.35,1,24,CAISO_PRC_FUEL_2024_08.zip
2024-09-01,FRSCE3,SoCal Citygate,CAISO delivered fuel-region cost; includes transport/reimbursement components; non-GHG,4.35,1,24,CAISO_PRC_FUEL_2024_09.zip
2024-09-02,FRSCE3,SoCal Citygate,CAISO delivered fuel-region cost; includes transport/reimbursement components; non-GHG,4.35,1,24,CAISO_PRC_FUEL_2024_09.zip
2024-09-03,FRSCE3,SoCal Citygate,CAISO delivered fuel-region cost; includes transport/reimbursement components; non-GHG,4.36,1,24,CAISO_PRC_FUEL_2024_09.zip
2024-09-04,FRSCE3,SoCal Citygate,CAISO delivered fuel-region cost; includes transport/reimbursement components; non-GHG,4.75,1,24,CAISO_PRC_FUEL_2024_09.zip
2024-09-05,FRSCE3,SoCal Citygate,CAISO delivered fuel-region cost; includes transport/reimbursement components; non-GHG,4.76,1,24,CAISO_PRC_FUEL_2024_09.zip
2024-09-06,FRSCE3,SoCal Citygate,CAISO delivered fuel-region cost; includes transport/reimbursement components; non-GHG,4.71,1,24,CAISO_PRC_FUEL_2024_09.zip
2024-09-07,FRSCE3,SoCal Citygate,CAISO delivered fuel-region cost; includes transport/reimbursement components; non-GHG,4.72,1,24,CAISO_PRC_FUEL_2024_09.zip
2024-09-08,FRSCE3,SoCal Citygate,CAISO delivered fuel-region cost; includes transport/reimbursement components; non-GHG,4.72,1,24,CAISO_PRC_FUEL_2024_09.zip
2024-09-09,FRSCE3,SoCal Citygate,CAISO delivered fuel-region cost; includes transport/reimbursement components; non-GHG,4.72,1,24,CAISO_PRC_FUEL_2024_09.zip
2024-09-10,FRSCE3,SoCal Citygate,CAISO delivered fuel-region cost; includes transport/reimbursement components; non-GHG,4.61,1,24,CAISO_PRC_FUEL_2024_09.zip
2024-09-11,FRSCE3,SoCal Citygate,CAISO delivered fuel-region cost; includes transport/reimbursement components; non-GHG,4.6,1,24,CAISO_PRC_FUEL_2024_09.zip
2024-09-12,FRSCE3,SoCal Citygate,CAISO delivered fuel-region cost; includes transport/reimbursement components; non-GHG,4.39,1,24,CAISO_PRC_FUEL_2024_09.zip
2024-09-13,FRSCE3,SoCal Citygate,CAISO delivered fuel-region cost; includes transport/reimbursement components; non-GHG,4.17,1,24,CAISO_PRC_FUEL_2024_09.zip
2024-09-14,FRSCE3,SoCal Citygate,CAISO delivered fuel-region cost; includes transport/reimbursement components; non-GHG,4.15,1,24,CAISO_PRC_FUEL_2024_09.zip
2024-09-15,FRSCE3,SoCal Citygate,CAISO delivered fuel-region cost; includes transport/reimbursement components; non-GHG,4.15,1,24,CAISO_PRC_FUEL_2024_09.zip
2024-09-16,FRSCE3,SoCal Citygate,CAISO delivered fuel-region cost; includes transport/reimbursement components; non-GHG,4.15,1,24,CAISO_PRC_FUEL_2024_09.zip
2024-09-17,FRSCE3,SoCal Citygate,CAISO delivered fuel-region cost; includes transport/reimbursement components; non-GHG,4.39,1,24,CAISO_PRC_FUEL_2024_09.zip
2024-09-18,FRSCE3,SoCal Citygate,CAISO delivered fuel-region cost; includes transport/reimbursement components; non-GHG,4.5,1,24,CAISO_PRC_FUEL_2024_09.zip
2024-09-19,FRSCE3,SoCal Citygate,CAISO delivered fuel-region cost; includes transport/reimbursement components; non-GHG,4.59,1,24,CAISO_PRC_FUEL_2024_09.zip
2024-09-20,FRSCE3,SoCal Citygate,CAISO delivered fuel-region cost; includes transport/reimbursement components; non-GHG,4.41,1,24,CAISO_PRC_FUEL_2024_09.zip
2024-09-21,FRSCE3,SoCal Citygate,CAISO delivered fuel-region cost; includes transport/reimbursement components; non-GHG,4.52,1,24,CAISO_PRC_FUEL_2024_09.zip
2024-09-22,FRSCE3,SoCal Citygate,CAISO delivered fuel-region cost; includes transport/reimbursement components; non-GHG,4.52,1,24,CAISO_PRC_FUEL_2024_09.zip
2024-09-23,FRSCE3,SoCal Citygate,CAISO delivered fuel-region cost; includes transport/reimbursement components; non-GHG,4.52,1,24,CAISO_PRC_FUEL_2024_09.zip
2024-09-24,FRSCE3,SoCal Citygate,CAISO delivered fuel-region cost; includes transport/reimbursement components; non-GHG,5.0,1,24,CAISO_PRC_FUEL_2024_09.zip
2024-09-25,FRSCE3,SoCal Citygate,CAISO delivered fuel-region cost; includes transport/reimbursement components; non-GHG,5.03,1,24,CAISO_PRC_FUEL_2024_09.zip
2024-09-26,FRSCE3,SoCal Citygate,CAISO delivered fuel-region cost; includes transport/reimbursement components; non-GHG,5.09,1,24,CAISO_PRC_FUEL_2024_09.zip
2024-09-27,FRSCE3,SoCal Citygate,CAISO delivered fuel-region cost; includes transport/reimbursement components; non-GHG,5.12,1,24,CAISO_PRC_FUEL_2024_09.zip
2024-09-28,FRSCE3,SoCal Citygate,CAISO delivered fuel-region cost; includes transport/reimbursement components; non-GHG,5.2,1,24,CAISO_PRC_FUEL_2024_09.zip
2024-09-29,FRSCE3,SoCal Citygate,CAISO delivered fuel-region cost; includes transport/reimbursement components; non-GHG,5.2,1,24,CAISO_PRC_FUEL_2024_09.zip
2024-09-30,FRSCE3,SoCal Citygate,CAISO delivered fuel-region cost; includes transport/reimbursement components; non-GHG,5.2,1,24,CAISO_PRC_FUEL_2024_09.zip
2024-10-01,FRSCE3,SoCal Citygate,CAISO delivered fuel-region cost; includes transport/reimbursement components; non-GHG,6.08,1,24,CAISO_PRC_FUEL_2024_10.zip
2024-10-02,FRSCE3,SoCal Citygate,CAISO delivered fuel-region cost; includes transport/reimbursement components; non-GHG,6.38,1,24,CAISO_PRC_FUEL_2024_10.zip
2024-10-03,FRSCE3,SoCal Citygate,CAISO delivered fuel-region cost; includes transport/reimbursement components; non-GHG,6.52,1,24,CAISO_PRC_FUEL_2024_10.zip
2024-10-04,FRSCE3,SoCal Citygate,CAISO delivered fuel-region cost; includes transport/reimbursement components; non-GHG,6.28,1,24,CAISO_PRC_FUEL_2024_10.zip
2024-10-05,FRSCE3,SoCal Citygate,CAISO delivered fuel-region cost; includes transport/reimbursement components; non-GHG,6.11,1,24,CAISO_PRC_FUEL_2024_10.zip
2024-10-06,FRSCE3,SoCal Citygate,CAISO delivered fuel-region cost; includes transport/reimbursement components; non-GHG,6.11,1,24,CAISO_PRC_FUEL_2024_10.zip
2024-10-07,FRSCE3,SoCal Citygate,CAISO delivered fuel-region cost; includes transport/reimbursement components; non-GHG,6.11,1,24,CAISO_PRC_FUEL_2024_10.zip
2024-10-08,FRSCE3,SoCal Citygate,CAISO delivered fuel-region cost; includes transport/reimbursement components; non-GHG,6.26,1,24,CAISO_PRC_FUEL_2024_10.zip
2024-10-09,FRSCE3,SoCal Citygate,CAISO delivered fuel-region cost; includes transport/reimbursement components; non-GHG,6.0,1,24,CAISO_PRC_FUEL_2024_10.zip
2024-10-10,FRSCE3,SoCal Citygate,CAISO delivered fuel-region cost; includes transport/reimbursement components; non-GHG,5.74,1,24,CAISO_PRC_FUEL_2024_10.zip
2024-10-11,FRSCE3,SoCal Citygate,CAISO delivered fuel-region cost; includes transport/reimbursement components; non-GHG,5.64,1,24,CAISO_PRC_FUEL_2024_10.zip
2024-10-12,FRSCE3,SoCal Citygate,CAISO delivered fuel-region cost; includes transport/reimbursement components; non-GHG,4.97,1,24,CAISO_PRC_FUEL_2024_10.zip
2024-10-13,FRSCE3,SoCal Citygate,CAISO delivered fuel-region cost; includes transport/reimbursement components; non-GHG,4.97,1,24,CAISO_PRC_FUEL_2024_10.zip
2024-10-14,FRSCE3,SoCal Citygate,CAISO delivered fuel-region cost; includes transport/reimbursement components; non-GHG,4.97,1,24,CAISO_PRC_FUEL_2024_10.zip
2024-10-15,FRSCE3,SoCal Citygate,CAISO delivered fuel-region cost; includes transport/reimbursement components; non-GHG,4.96,1,24,CAISO_PRC_FUEL_2024_10.zip
2024-10-16,FRSCE3,SoCal Citygate,CAISO delivered fuel-region cost; includes transport/reimbursement components; non-GHG,4.97,1,24,CAISO_PRC_FUEL_2024_10.zip
2024-10-17,FRSCE3,SoCal Citygate,CAISO delivered fuel-region cost; includes transport/reimbursement components; non-GHG,5.03,1,24,CAISO_PRC_FUEL_2024_10.zip
2024-10-18,FRSCE3,SoCal Citygate,CAISO delivered fuel-region cost; includes transport/reimbursement components; non-GHG,4.76,1,24,CAISO_PRC_FUEL_2024_10.zip
2024-10-19,FRSCE3,SoCal Citygate,CAISO delivered fuel-region cost; includes transport/reimbursement components; non-GHG,4.28,1,24,CAISO_PRC_FUEL_2024_10.zip
2024-10-20,FRSCE3,SoCal Citygate,CAISO delivered fuel-region cost; includes transport/reimbursement components; non-GHG,4.28,1,24,CAISO_PRC_FUEL_2024_10.zip
2024-10-21,FRSCE3,SoCal Citygate,CAISO delivered fuel-region cost; includes transport/reimbursement components; non-GHG,4.28,1,24,CAISO_PRC_FUEL_2024_10.zip
2024-10-22,FRSCE3,SoCal Citygate,CAISO delivered fuel-region cost; includes transport/reimbursement components; non-GHG,4.27,1,24,CAISO_PRC_FUEL_2024_10.zip
2024-10-23,FRSCE3,SoCal Citygate,CAISO delivered fuel-region cost; includes transport/reimbursement components; non-GHG,4.62,1,24,CAISO_PRC_FUEL_2024_10.zip
2024-10-24,FRSCE3,SoCal Citygate,CAISO delivered fuel-region cost; includes transport/reimbursement components; non-GHG,5.11,1,24,CAISO_PRC_FUEL_2024_10.zip
2024-10-25,FRSCE3,SoCal Citygate,CAISO delivered fuel-region cost; includes transport/reimbursement components; non-GHG,4.85,1,24,CAISO_PRC_FUEL_2024_10.zip
2024-10-26,FRSCE3,SoCal Citygate,CAISO delivered fuel-region cost; includes transport/reimbursement components; non-GHG,4.92,1,24,CAISO_PRC_FUEL_2024_10.zip
2024-10-27,FRSCE3,SoCal Citygate,CAISO delivered fuel-region cost; includes transport/reimbursement components; non-GHG,4.92,1,24,CAISO_PRC_FUEL_2024_10.zip
2024-10-28,FRSCE3,SoCal Citygate,CAISO delivered fuel-region cost; includes transport/reimbursement components; non-GHG,4.92,1,24,CAISO_PRC_FUEL_2024_10.zip
2024-10-29,FRSCE3,SoCal Citygate,CAISO delivered fuel-region cost; includes transport/reimbursement components; non-GHG,5.28,1,24,CAISO_PRC_FUEL_2024_10.zip
2024-10-30,FRSCE3,SoCal Citygate,CAISO delivered fuel-region cost; includes transport/reimbursement components; non-GHG,5.62,1,24,CAISO_PRC_FUEL_2024_10.zip
2024-10-31,FRSCE3,SoCal Citygate,CAISO delivered fuel-region cost; includes transport/reimbursement components; non-GHG,5.06,1,24,CAISO_PRC_FUEL_2024_10.zip
2024-11-01,FRSCE3,SoCal Citygate,CAISO delivered fuel-region cost; includes transport/reimbursement components; non-GHG,4.75,1,24,CAISO_PRC_FUEL_2024_11.zip
2024-11-02,FRSCE3,SoCal Citygate,CAISO delivered fuel-region cost; includes transport/reimbursement components; non-GHG,3.91,1,24,CAISO_PRC_FUEL_2024_11.zip
2024-11-03,FRSCE3,SoCal Citygate,CAISO delivered fuel-region cost; includes transport/reimbursement components; non-GHG,3.91,1,25,CAISO_PRC_FUEL_2024_11.zip
2024-11-04,FRSCE3,SoCal Citygate,CAISO delivered fuel-region cost; includes transport/reimbursement components; non-GHG,3.91,1,24,CAISO_PRC_FUEL_2024_11.zip
2024-11-05,FRSCE3,SoCal Citygate,CAISO delivered fuel-region cost; includes transport/reimbursement components; non-GHG,4.12,1,24,CAISO_PRC_FUEL_2024_11.zip
2024-11-06,FRSCE3,SoCal Citygate,CAISO delivered fuel-region cost; includes transport/reimbursement components; non-GHG,4.86,1,24,CAISO_PRC_FUEL_2024_11.zip
2024-11-07,FRSCE3,SoCal Citygate,CAISO delivered fuel-region cost; includes transport/reimbursement components; non-GHG,5.3,1,24,CAISO_PRC_FUEL_2024_11.zip
2024-11-08,FRSCE3,SoCal Citygate,CAISO delivered fuel-region cost; includes transport/reimbursement components; non-GHG,4.6,1,24,CAISO_PRC_FUEL_2024_11.zip
2024-11-09,FRSCE3,SoCal Citygate,CAISO delivered fuel-region cost; includes transport/reimbursement components; non-GHG,3.98,1,24,CAISO_PRC_FUEL_2024_11.zip
2024-11-10,FRSCE3,SoCal Citygate,CAISO delivered fuel-region cost; includes transport/reimbursement components; non-GHG,3.98,1,24,CAISO_PRC_FUEL_2024_11.zip
2024-11-11,FRSCE3,SoCal Citygate,CAISO delivered fuel-region cost; includes transport/reimbursement components; non-GHG,3.98,1,24,CAISO_PRC_FUEL_2024_11.zip
2024-11-12,FRSCE3,SoCal Citygate,CAISO delivered fuel-region cost; includes transport/reimbursement components; non-GHG,3.96,1,24,CAISO_PRC_FUEL_2024_11.zip
2024-11-13,FRSCE3,SoCal Citygate,CAISO delivered fuel-region cost; includes transport/reimbursement components; non-GHG,5.23,1,24,CAISO_PRC_FUEL_2024_11.zip
2024-11-14,FRSCE3,SoCal Citygate,CAISO delivered fuel-region cost; includes transport/reimbursement components; non-GHG,5.24,1,24,CAISO_PRC_FUEL_2024_11.zip
2024-11-15,FRSCE3,SoCal Citygate,CAISO delivered fuel-region cost; includes transport/reimbursement components; non-GHG,5.25,1,24,CAISO_PRC_FUEL_2024_11.zip
2024-11-16,FRSCE3,SoCal Citygate,CAISO delivered fuel-region cost; includes transport/reimbursement components; non-GHG,4.83,1,24,CAISO_PRC_FUEL_2024_11.zip
2024-11-17,FRSCE3,SoCal Citygate,CAISO delivered fuel-region cost; includes transport/reimbursement components; non-GHG,4.83,1,24,CAISO_PRC_FUEL_2024_11.zip
2024-11-18,FRSCE3,SoCal Citygate,CAISO delivered fuel-region cost; includes transport/reimbursement components; non-GHG,4.83,1,24,CAISO_PRC_FUEL_2024_11.zip
2024-11-19,FRSCE3,SoCal Citygate,CAISO delivered fuel-region cost; includes transport/reimbursement components; non-GHG,5.51,1,24,CAISO_PRC_FUEL_2024_11.zip
2024-11-20,FRSCE3,SoCal Citygate,CAISO delivered fuel-region cost; includes transport/reimbursement components; non-GHG,5.39,1,24,CAISO_PRC_FUEL_2024_11.zip
2024-11-21,FRSCE3,SoCal Citygate,CAISO delivered fuel-region cost; includes transport/reimbursement components; non-GHG,5.63,1,24,CAISO_PRC_FUEL_2024_11.zip
2024-11-22,FRSCE3,SoCal Citygate,CAISO delivered fuel-region cost; includes transport/reimbursement components; non-GHG,6.0,1,24,CAISO_PRC_FUEL_2024_11.zip
2024-11-23,FRSCE3,SoCal Citygate,CAISO delivered fuel-region cost; includes transport/reimbursement components; non-GHG,5.64,1,24,CAISO_PRC_FUEL_2024_11.zip
2024-11-24,FRSCE3,SoCal Citygate,CAISO delivered fuel-region cost; includes transport/reimbursement components; non-GHG,5.64,1,24,CAISO_PRC_FUEL_2024_11.zip
2024-11-25,FRSCE3,SoCal Citygate,CAISO delivered fuel-region cost; includes transport/reimbursement components; non-GHG,5.64,1,24,CAISO_PRC_FUEL_2024_11.zip
2024-11-26,FRSCE3,SoCal Citygate,CAISO delivered fuel-region cost; includes transport/reimbursement components; non-GHG,5.86,1,24,CAISO_PRC_FUEL_2024_11.zip
2024-11-27,FRSCE3,SoCal Citygate,CAISO delivered fuel-region cost; includes transport/reimbursement components; non-GHG,5.9,1,24,CAISO_PRC_FUEL_2024_11.zip
2024-11-28,FRSCE3,SoCal Citygate,CAISO delivered fuel-region cost; includes transport/reimbursement components; non-GHG,6.24,1,24,CAISO_PRC_FUEL_2024_11.zip
2024-11-29,FRSCE3,SoCal Citygate,CAISO delivered fuel-region cost; includes transport/reimbursement components; non-GHG,6.4,1,24,CAISO_PRC_FUEL_2024_11.zip
2024-11-30,FRSCE3,SoCal Citygate,CAISO delivered fuel-region cost; includes transport/reimbursement components; non-GHG,6.4,1,24,CAISO_PRC_FUEL_2024_11.zip
2024-12-01,FRSCE3,SoCal Citygate,CAISO delivered fuel-region cost; includes transport/reimbursement components; non-GHG,6.4,1,24,CAISO_PRC_FUEL_2024_12.zip
2024-12-02,FRSCE3,SoCal Citygate,CAISO delivered fuel-region cost; includes transport/reimbursement components; non-GHG,6.4,1,24,CAISO_PRC_FUEL_2024_12.zip
2024-12-03,FRSCE3,SoCal Citygate,CAISO delivered fuel-region cost; includes transport/reimbursement components; non-GHG,6.53,1,24,CAISO_PRC_FUEL_2024_12.zip
2024-12-04,FRSCE3,SoCal Citygate,CAISO delivered fuel-region cost; includes transport/reimbursement components; non-GHG,6.4,1,24,CAISO_PRC_FUEL_2024_12.zip
2024-12-05,FRSCE3,SoCal Citygate,CAISO delivered fuel-region cost; includes transport/reimbursement components; non-GHG,6.36,1,24,CAISO_PRC_FUEL_2024_12.zip
2024-12-06,FRSCE3,SoCal Citygate,CAISO delivered fuel-region cost; includes transport/reimbursement components; non-GHG,6.24,1,24,CAISO_PRC_FUEL_2024_12.zip
2024-12-07,FRSCE3,SoCal Citygate,CAISO delivered fuel-region cost; includes transport/reimbursement components; non-GHG,6.12,1,24,CAISO_PRC_FUEL_2024_12.zip
2024-12-08,FRSCE3,SoCal Citygate,CAISO delivered fuel-region cost; includes transport/reimbursement components; non-GHG,6.12,1,24,CAISO_PRC_FUEL_2024_12.zip
2024-12-09,FRSCE3,SoCal Citygate,CAISO delivered fuel-region cost; includes transport/reimbursement components; non-GHG,6.12,1,24,CAISO_PRC_FUEL_2024_12.zip
2024-12-10,FRSCE3,SoCal Citygate,CAISO delivered fuel-region cost; includes transport/reimbursement components; non-GHG,6.35,1,24,CAISO_PRC_FUEL_2024_12.zip
2024-12-11,FRSCE3,SoCal Citygate,CAISO delivered fuel-region cost; includes transport/reimbursement components; non-GHG,6.29,1,24,CAISO_PRC_FUEL_2024_12.zip
2024-12-12,FRSCE3,SoCal Citygate,CAISO delivered fuel-region cost; includes transport/reimbursement components; non-GHG,6.47,1,24,CAISO_PRC_FUEL_2024_12.zip
2024-12-13,FRSCE3,SoCal Citygate,CAISO delivered fuel-region cost; includes transport/reimbursement components; non-GHG,6.53,1,24,CAISO_PRC_FUEL_2024_12.zip
2024-12-14,FRSCE3,SoCal Citygate,CAISO delivered fuel-region cost; includes transport/reimbursement components; non-GHG,6.34,1,24,CAISO_PRC_FUEL_2024_12.zip
2024-12-15,FRSCE3,SoCal Citygate,CAISO delivered fuel-region cost; includes transport/reimbursement components; non-GHG,6.34,1,24,CAISO_PRC_FUEL_2024_12.zip
2024-12-16,FRSCE3,SoCal Citygate,CAISO delivered fuel-region cost; includes transport/reimbursement components; non-GHG,6.34,1,24,CAISO_PRC_FUEL_2024_12.zip
2024-12-17,FRSCE3,SoCal Citygate,CAISO delivered fuel-region cost; includes transport/reimbursement components; non-GHG,6.3,1,24,CAISO_PRC_FUEL_2024_12.zip
2024-12-18,FRSCE3,SoCal Citygate,CAISO delivered fuel-region cost; includes transport/reimbursement components; non-GHG,6.25,1,24,CAISO_PRC_FUEL_2024_12.zip
2024-12-19,FRSCE3,SoCal Citygate,CAISO delivered fuel-region cost; includes transport/reimbursement components; non-GHG,6.36,1,24,CAISO_PRC_FUEL_2024_12.zip
2024-12-20,FRSCE3,SoCal Citygate,CAISO delivered fuel-region cost; includes transport/reimbursement components; non-GHG,6.27,1,24,CAISO_PRC_FUEL_2024_12.zip
2024-12-21,FRSCE3,SoCal Citygate,CAISO delivered fuel-region cost; includes transport/reimbursement components; non-GHG,6.15,1,24,CAISO_PRC_FUEL_2024_12.zip
2024-12-22,FRSCE3,SoCal Citygate,CAISO delivered fuel-region cost; includes transport/reimbursement components; non-GHG,6.15,1,24,CAISO_PRC_FUEL_2024_12.zip
2024-12-23,FRSCE3,SoCal Citygate,CAISO delivered fuel-region cost; includes transport/reimbursement components; non-GHG,6.15,1,24,CAISO_PRC_FUEL_2024_12.zip
2024-12-24,FRSCE3,SoCal Citygate,CAISO delivered fuel-region cost; includes transport/reimbursement components; non-GHG,5.93,1,24,CAISO_PRC_FUEL_2024_12.zip
2024-12-25,FRSCE3,SoCal Citygate,CAISO delivered fuel-region cost; includes transport/reimbursement components; non-GHG,6.0,1,24,CAISO_PRC_FUEL_2024_12.zip
2024-12-26,FRSCE3,SoCal Citygate,CAISO delivered fuel-region cost; includes transport/reimbursement components; non-GHG,6.0,1,24,CAISO_PRC_FUEL_2024_12.zip
2024-12-27,FRSCE3,SoCal Citygate,CAISO delivered fuel-region cost; includes transport/reimbursement components; non-GHG,5.61,1,24,CAISO_PRC_FUEL_2024_12.zip
2024-12-28,FRSCE3,SoCal Citygate,CAISO delivered fuel-region cost; includes transport/reimbursement components; non-GHG,5.38,1,24,CAISO_PRC_FUEL_2024_12.zip
2024-12-29,FRSCE3,SoCal Citygate,CAISO delivered fuel-region cost; includes transport/reimbursement components; non-GHG,5.38,1,24,CAISO_PRC_FUEL_2024_12.zip
2024-12-30,FRSCE3,SoCal Citygate,CAISO delivered fuel-region cost; includes transport/reimbursement components; non-GHG,5.38,1,24,CAISO_PRC_FUEL_2024_12.zip
2024-12-31,FRSCE3,SoCal Citygate,CAISO delivered fuel-region cost; includes transport/reimbursement components; non-GHG,6.26,1,24,CAISO_PRC_FUEL_2024_12.zip
2025-01-01,FRSCE3,SoCal Citygate,CAISO delivered fuel-region cost; includes transport/reimbursement components; non-GHG,6.25,1,24,CAISO_PRC_FUEL_2025_01.zip
2025-01-02,FRSCE3,SoCal Citygate,CAISO delivered fuel-region cost; includes transport/reimbursement components; non-GHG,6.25,1,24,CAISO_PRC_FUEL_2025_01.zip
2025-01-03,FRSCE3,SoCal Citygate,CAISO delivered fuel-region cost; includes transport/reimbursement components; non-GHG,6.43,1,24,CAISO_PRC_FUEL_2025_01.zip
2025-01-04,FRSCE3,SoCal Citygate,CAISO delivered fuel-region cost; includes transport/reimbursement components; non-GHG,6.45,1,24,CAISO_PRC_FUEL_2025_01.zip
2025-01-05,FRSCE3,SoCal Citygate,CAISO delivered fuel-region cost; includes transport/reimbursement components; non-GHG,6.45,1,24,CAISO_PRC_FUEL_2025_01.zip
2025-01-06,FRSCE3,SoCal Citygate,CAISO delivered fuel-region cost; includes transport/reimbursement components; non-GHG,6.45,1,24,CAISO_PRC_FUEL_2025_01.zip
2025-01-07,FRSCE3,SoCal Citygate,CAISO delivered fuel-region cost; includes transport/reimbursement components; non-GHG,7.32,1,24,CAISO_PRC_FUEL_2025_01.zip
2025-01-08,FRSCE3,SoCal Citygate,CAISO delivered fuel-region cost; includes transport/reimbursement components; non-GHG,6.67,1,24,CAISO_PRC_FUEL_2025_01.zip
2025-01-09,FRSCE3,SoCal Citygate,CAISO delivered fuel-region cost; includes transport/reimbursement components; non-GHG,6.3,1,24,CAISO_PRC_FUEL_2025_01.zip
2025-01-10,FRSCE3,SoCal Citygate,CAISO delivered fuel-region cost; includes transport/reimbursement components; non-GHG,6.27,1,24,CAISO_PRC_FUEL_2025_01.zip
2025-01-11,FRSCE3,SoCal Citygate,CAISO delivered fuel-region cost; includes transport/reimbursement components; non-GHG,6.62,1,24,CAISO_PRC_FUEL_2025_01.zip
2025-01-12,FRSCE3,SoCal Citygate,CAISO delivered fuel-region cost; includes transport/reimbursement components; non-GHG,6.62,1,24,CAISO_PRC_FUEL_2025_01.zip
2025-01-13,FRSCE3,SoCal Citygate,CAISO delivered fuel-region cost; includes transport/reimbursement components; non-GHG,6.62,1,24,CAISO_PRC_FUEL_2025_01.zip
2025-01-14,FRSCE3,SoCal Citygate,CAISO delivered fuel-region cost; includes transport/reimbursement components; non-GHG,7.33,1,24,CAISO_PRC_FUEL_2025_01.zip
2025-01-15,FRSCE3,SoCal Citygate,CAISO delivered fuel-region cost; includes transport/reimbursement components; non-GHG,7.28,1,24,CAISO_PRC_FUEL_2025_01.zip
2025-01-16,FRSCE3,SoCal Citygate,CAISO delivered fuel-region cost; includes transport/reimbursement components; non-GHG,7.19,1,24,CAISO_PRC_FUEL_2025_01.zip
2025-01-17,FRSCE3,SoCal Citygate,CAISO delivered fuel-region cost; includes transport/reimbursement components; non-GHG,7.05,1,24,CAISO_PRC_FUEL_2025_01.zip
2025-01-18,FRSCE3,SoCal Citygate,CAISO delivered fuel-region cost; includes transport/reimbursement components; non-GHG,9.86,1,24,CAISO_PRC_FUEL_2025_01.zip
2025-01-19,FRSCE3,SoCal Citygate,CAISO delivered fuel-region cost; includes transport/reimbursement components; non-GHG,9.86,1,24,CAISO_PRC_FUEL_2025_01.zip
2025-01-20,FRSCE3,SoCal Citygate,CAISO delivered fuel-region cost; includes transport/reimbursement components; non-GHG,9.86,1,24,CAISO_PRC_FUEL_2025_01.zip
2025-01-21,FRSCE3,SoCal Citygate,CAISO delivered fuel-region cost; includes transport/reimbursement components; non-GHG,9.9,1,24,CAISO_PRC_FUEL_2025_01.zip
2025-01-22,FRSCE3,SoCal Citygate,CAISO delivered fuel-region cost; includes transport/reimbursement components; non-GHG,6.75,1,24,CAISO_PRC_FUEL_2025_01.zip
2025-01-23,FRSCE3,SoCal Citygate,CAISO delivered fuel-region cost; includes transport/reimbursement components; non-GHG,6.55,1,24,CAISO_PRC_FUEL_2025_01.zip
2025-01-24,FRSCE3,SoCal Citygate,CAISO delivered fuel-region cost; includes transport/reimbursement components; non-GHG,6.88,1,24,CAISO_PRC_FUEL_2025_01.zip
2025-01-25,FRSCE3,SoCal Citygate,CAISO delivered fuel-region cost; includes transport/reimbursement components; non-GHG,6.77,1,24,CAISO_PRC_FUEL_2025_01.zip
2025-01-26,FRSCE3,SoCal Citygate,CAISO delivered fuel-region cost; includes transport/reimbursement components; non-GHG,6.77,1,24,CAISO_PRC_FUEL_2025_01.zip
2025-01-27,FRSCE3,SoCal Citygate,CAISO delivered fuel-region cost; includes transport/reimbursement components; non-GHG,6.77,1,24,CAISO_PRC_FUEL_2025_01.zip
2025-01-28,FRSCE3,SoCal Citygate,CAISO delivered fuel-region cost; includes transport/reimbursement components; non-GHG,6.68,1,24,CAISO_PRC_FUEL_2025_01.zip
2025-01-29,FRSCE3,SoCal Citygate,CAISO delivered fuel-region cost; includes transport/reimbursement components; non-GHG,6.39,1,24,CAISO_PRC_FUEL_2025_01.zip
2025-01-30,FRSCE3,SoCal Citygate,CAISO delivered fuel-region cost; includes transport/reimbursement components; non-GHG,6.33,1,24,CAISO_PRC_FUEL_2025_01.zip
2025-01-31,FRSCE3,SoCal Citygate,CAISO delivered fuel-region cost; includes transport/reimbursement components; non-GHG,6.25,1,24,CAISO_PRC_FUEL_2025_01.zip
2025-02-01,FRSCE3,SoCal Citygate,CAISO delivered fuel-region cost; includes transport/reimbursement components; non-GHG,5.92,1,24,CAISO_PRC_FUEL_2025_02.zip
2025-02-02,FRSCE3,SoCal Citygate,CAISO delivered fuel-region cost; includes transport/reimbursement components; non-GHG,5.92,1,24,CAISO_PRC_FUEL_2025_02.zip
2025-02-03,FRSCE3,SoCal Citygate,CAISO delivered fuel-region cost; includes transport/reimbursement components; non-GHG,5.92,1,24,CAISO_PRC_FUEL_2025_02.zip
2025-02-04,FRSCE3,SoCal Citygate,CAISO delivered fuel-region cost; includes transport/reimbursement components; non-GHG,6.16,1,24,CAISO_PRC_FUEL_2025_02.zip
2025-02-05,FRSCE3,SoCal Citygate,CAISO delivered fuel-region cost; includes transport/reimbursement components; non-GHG,6.24,1,24,CAISO_PRC_FUEL_2025_02.zip
2025-02-06,FRSCE3,SoCal Citygate,CAISO delivered fuel-region cost; includes transport/reimbursement components; non-GHG,6.25,1,24,CAISO_PRC_FUEL_2025_02.zip
2025-02-07,FRSCE3,SoCal Citygate,CAISO delivered fuel-region cost; includes transport/reimbursement components; non-GHG,6.19,1,24,CAISO_PRC_FUEL_2025_02.zip
2025-02-08,FRSCE3,SoCal Citygate,CAISO delivered fuel-region cost; includes transport/reimbursement components; non-GHG,6.28,1,24,CAISO_PRC_FUEL_2025_02.zip
2025-02-09,FRSCE3,SoCal Citygate,CAISO delivered fuel-region cost; includes transport/reimbursement components; non-GHG,6.28,1,24,CAISO_PRC_FUEL_2025_02.zip
2025-02-10,FRSCE3,SoCal Citygate,CAISO delivered fuel-region cost; includes transport/reimbursement components; non-GHG,6.28,1,24,CAISO_PRC_FUEL_2025_02.zip
2025-02-11,FRSCE3,SoCal Citygate,CAISO delivered fuel-region cost; includes transport/reimbursement components; non-GHG,6.37,1,24,CAISO_PRC_FUEL_2025_02.zip
2025-02-12,FRSCE3,SoCal Citygate,CAISO delivered fuel-region cost; includes transport/reimbursement components; non-GHG,6.58,1,24,CAISO_PRC_FUEL_2025_02.zip
2025-02-13,FRSCE3,SoCal Citygate,CAISO delivered fuel-region cost; includes transport/reimbursement components; non-GHG,6.65,1,24,CAISO_PRC_FUEL_2025_02.zip
2025-02-14,FRSCE3,SoCal Citygate,CAISO delivered fuel-region cost; includes transport/reimbursement components; non-GHG,6.76,1,24,CAISO_PRC_FUEL_2025_02.zip
2025-02-15,FRSCE3,SoCal Citygate,CAISO delivered fuel-region cost; includes transport/reimbursement components; non-GHG,7.08,1,24,CAISO_PRC_FUEL_2025_02.zip
2025-02-16,FRSCE3,SoCal Citygate,CAISO delivered fuel-region cost; includes transport/reimbursement components; non-GHG,7.08,1,24,CAISO_PRC_FUEL_2025_02.zip
2025-02-17,FRSCE3,SoCal Citygate,CAISO delivered fuel-region cost; includes transport/reimbursement components; non-GHG,7.08,1,24,CAISO_PRC_FUEL_2025_02.zip
2025-02-18,FRSCE3,SoCal Citygate,CAISO delivered fuel-region cost; includes transport/reimbursement components; non-GHG,7.08,1,24,CAISO_PRC_FUEL_2025_02.zip
2025-02-19,FRSCE3,SoCal Citygate,CAISO delivered fuel-region cost; includes transport/reimbursement components; non-GHG,6.93,1,24,CAISO_PRC_FUEL_2025_02.zip
2025-02-20,FRSCE3,SoCal Citygate,CAISO delivered fuel-region cost; includes transport/reimbursement components; non-GHG,7.24,1,24,CAISO_PRC_FUEL_2025_02.zip
2025-02-21,FRSCE3,SoCal Citygate,CAISO delivered fuel-region cost; includes transport/reimbursement components; non-GHG,7.02,1,24,CAISO_PRC_FUEL_2025_02.zip
2025-02-22,FRSCE3,SoCal Citygate,CAISO delivered fuel-region cost; includes transport/reimbursement components; non-GHG,6.78,1,24,CAISO_PRC_FUEL_2025_02.zip
2025-02-23,FRSCE3,SoCal Citygate,CAISO delivered fuel-region cost; includes transport/reimbursement components; non-GHG,6.78,1,24,CAISO_PRC_FUEL_2025_02.zip
2025-02-24,FRSCE3,SoCal Citygate,CAISO delivered fuel-region cost; includes transport/reimbursement components; non-GHG,6.78,1,24,CAISO_PRC_FUEL_2025_02.zip
2025-02-25,FRSCE3,SoCal Citygate,CAISO delivered fuel-region cost; includes transport/reimbursement components; non-GHG,6.41,1,24,CAISO_PRC_FUEL_2025_02.zip
2025-02-26,FRSCE3,SoCal Citygate,CAISO delivered fuel-region cost; includes transport/reimbursement components; non-GHG,6.64,1,24,CAISO_PRC_FUEL_2025_02.zip
2025-02-27,FRSCE3,SoCal Citygate,CAISO delivered fuel-region cost; includes transport/reimbursement components; non-GHG,6.74,1,24,CAISO_PRC_FUEL_2025_02.zip
2025-02-28,FRSCE3,SoCal Citygate,CAISO delivered fuel-region cost; includes transport/reimbursement components; non-GHG,6.79,1,24,CAISO_PRC_FUEL_2025_02.zip
2025-03-01,FRSCE3,SoCal Citygate,CAISO delivered fuel-region cost; includes transport/reimbursement components; non-GHG,6.24,1,24,CAISO_PRC_FUEL_2025_03.zip
2025-03-02,FRSCE3,SoCal Citygate,CAISO delivered fuel-region cost; includes transport/reimbursement components; non-GHG,6.24,1,24,CAISO_PRC_FUEL_2025_03.zip
2025-03-03,FRSCE3,SoCal Citygate,CAISO delivered fuel-region cost; includes transport/reimbursement components; non-GHG,6.24,1,24,CAISO_PRC_FUEL_2025_03.zip
2025-03-04,FRSCE3,SoCal Citygate,CAISO delivered fuel-region cost; includes transport/reimbursement components; non-GHG,6.31,1,24,CAISO_PRC_FUEL_2025_03.zip
2025-03-05,FRSCE3,SoCal Citygate,CAISO delivered fuel-region cost; includes transport/reimbursement components; non-GHG,6.7,1,24,CAISO_PRC_FUEL_2025_03.zip
2025-03-06,FRSCE3,SoCal Citygate,CAISO delivered fuel-region cost; includes transport/reimbursement components; non-GHG,6.83,1,24,CAISO_PRC_FUEL_2025_03.zip
2025-03-07,FRSCE3,SoCal Citygate,CAISO delivered fuel-region cost; includes transport/reimbursement components; non-GHG,6.78,1,24,CAISO_PRC_FUEL_2025_03.zip
2025-03-08,FRSCE3,SoCal Citygate,CAISO delivered fuel-region cost; includes transport/reimbursement components; non-GHG,6.4,1,24,CAISO_PRC_FUEL_2025_03.zip
2025-03-09,FRSCE3,SoCal Citygate,CAISO delivered fuel-region cost; includes transport/reimbursement components; non-GHG,6.4,1,23,CAISO_PRC_FUEL_2025_03.zip
2025-03-10,FRSCE3,SoCal Citygate,CAISO delivered fuel-region cost; includes transport/reimbursement components; non-GHG,6.4,1,24,CAISO_PRC_FUEL_2025_03.zip
2025-03-11,FRSCE3,SoCal Citygate,CAISO delivered fuel-region cost; includes transport/reimbursement components; non-GHG,6.79,1,24,CAISO_PRC_FUEL_2025_03.zip
2025-03-12,FRSCE3,SoCal Citygate,CAISO delivered fuel-region cost; includes transport/reimbursement components; non-GHG,6.83,1,24,CAISO_PRC_FUEL_2025_03.zip
2025-03-13,FRSCE3,SoCal Citygate,CAISO delivered fuel-region cost; includes transport/reimbursement components; non-GHG,6.49,1,24,CAISO_PRC_FUEL_2025_03.zip
2025-03-14,FRSCE3,SoCal Citygate,CAISO delivered fuel-region cost; includes transport/reimbursement components; non-GHG,6.51,1,24,CAISO_PRC_FUEL_2025_03.zip
2025-03-15,FRSCE3,SoCal Citygate,CAISO delivered fuel-region cost; includes transport/reimbursement components; non-GHG,6.36,1,24,CAISO_PRC_FUEL_2025_03.zip
2025-03-16,FRSCE3,SoCal Citygate,CAISO delivered fuel-region cost; includes transport/reimbursement components; non-GHG,6.36,1,24,CAISO_PRC_FUEL_2025_03.zip
2025-03-17,FRSCE3,SoCal Citygate,CAISO delivered fuel-region cost; includes transport/reimbursement components; non-GHG,6.36,1,24,CAISO_PRC_FUEL_2025_03.zip
2025-03-18,FRSCE3,SoCal Citygate,CAISO delivered fuel-region cost; includes transport/reimbursement components; non-GHG,6.33,1,24,CAISO_PRC_FUEL_2025_03.zip
2025-03-19,FRSCE3,SoCal Citygate,CAISO delivered fuel-region cost; includes transport/reimbursement components; non-GHG,6.37,1,24,CAISO_PRC_FUEL_2025_03.zip
2025-03-20,FRSCE3,SoCal Citygate,CAISO delivered fuel-region cost; includes transport/reimbursement components; non-GHG,6.43,1,24,CAISO_PRC_FUEL_2025_03.zip
2025-03-21,FRSCE3,SoCal Citygate,CAISO delivered fuel-region cost; includes transport/reimbursement components; non-GHG,6.25,1,24,CAISO_PRC_FUEL_2025_03.zip
2025-03-22,FRSCE3,SoCal Citygate,CAISO delivered fuel-region cost; includes transport/reimbursement components; non-GHG,5.69,1,24,CAISO_PRC_FUEL_2025_03.zip
2025-03-23,FRSCE3,SoCal Citygate,CAISO delivered fuel-region cost; includes transport/reimbursement components; non-GHG,5.69,1,24,CAISO_PRC_FUEL_2025_03.zip
2025-03-24,FRSCE3,SoCal Citygate,CAISO delivered fuel-region cost; includes transport/reimbursement components; non-GHG,5.69,1,24,CAISO_PRC_FUEL_2025_03.zip
2025-03-25,FRSCE3,SoCal Citygate,CAISO delivered fuel-region cost; includes transport/reimbursement components; non-GHG,5.39,1,24,CAISO_PRC_FUEL_2025_03.zip
2025-03-26,FRSCE3,SoCal Citygate,CAISO delivered fuel-region cost; includes transport/reimbursement components; non-GHG,5.25,1,24,CAISO_PRC_FUEL_2025_03.zip
2025-03-27,FRSCE3,SoCal Citygate,CAISO delivered fuel-region cost; includes transport/reimbursement components; non-GHG,5.0,1,24,CAISO_PRC_FUEL_2025_03.zip
2025-03-28,FRSCE3,SoCal Citygate,CAISO delivered fuel-region cost; includes transport/reimbursement components; non-GHG,4.77,1,24,CAISO_PRC_FUEL_2025_03.zip
2025-03-29,FRSCE3,SoCal Citygate,CAISO delivered fuel-region cost; includes transport/reimbursement components; non-GHG,4.87,1,24,CAISO_PRC_FUEL_2025_03.zip
2025-03-30,FRSCE3,SoCal Citygate,CAISO delivered fuel-region cost; includes transport/reimbursement components; non-GHG,4.87,1,24,CAISO_PRC_FUEL_2025_03.zip
2025-03-31,FRSCE3,SoCal Citygate,CAISO delivered fuel-region cost; includes transport/reimbursement components; non-GHG,4.87,1,24,CAISO_PRC_FUEL_2025_03.zip
2025-04-01,FRSCE3,SoCal Citygate,CAISO delivered fuel-region cost; includes transport/reimbursement components; non-GHG,5.51,1,24,CAISO_PRC_FUEL_2025_04.zip
2025-04-02,FRSCE3,SoCal Citygate,CAISO delivered fuel-region cost; includes transport/reimbursement components; non-GHG,5.63,1,24,CAISO_PRC_FUEL_2025_04.zip
2025-04-03,FRSCE3,SoCal Citygate,CAISO delivered fuel-region cost; includes transport/reimbursement components; non-GHG,6.32,1,24,CAISO_PRC_FUEL_2025_04.zip
2025-04-04,FRSCE3,SoCal Citygate,CAISO delivered fuel-region cost; includes transport/reimbursement components; non-GHG,6.3,1,24,CAISO_PRC_FUEL_2025_04.zip
2025-04-05,FRSCE3,SoCal Citygate,CAISO delivered fuel-region cost; includes transport/reimbursement components; non-GHG,5.92,1,24,CAISO_PRC_FUEL_2025_04.zip
2025-04-06,FRSCE3,SoCal Citygate,CAISO delivered fuel-region cost; includes transport/reimbursement components; non-GHG,5.92,1,24,CAISO_PRC_FUEL_2025_04.zip
2025-04-07,FRSCE3,SoCal Citygate,CAISO delivered fuel-region cost; includes transport/reimbursement components; non-GHG,5.92,1,24,CAISO_PRC_FUEL_2025_04.zip
2025-04-08,FRSCE3,SoCal Citygate,CAISO delivered fuel-region cost; includes transport/reimbursement components; non-GHG,5.81,1,24,CAISO_PRC_FUEL_2025_04.zip
2025-04-09,FRSCE3,SoCal Citygate,CAISO delivered fuel-region cost; includes transport/reimbursement components; non-GHG,5.5,1,24,CAISO_PRC_FUEL_2025_04.zip
2025-04-10,FRSCE3,SoCal Citygate,CAISO delivered fuel-region cost; includes transport/reimbursement components; non-GHG,5.3,1,24,CAISO_PRC_FUEL_2025_04.zip
2025-04-11,FRSCE3,SoCal Citygate,CAISO delivered fuel-region cost; includes transport/reimbursement components; non-GHG,5.53,1,24,CAISO_PRC_FUEL_2025_04.zip
2025-04-12,FRSCE3,SoCal Citygate,CAISO delivered fuel-region cost; includes transport/reimbursement components; non-GHG,5.17,1,24,CAISO_PRC_FUEL_2025_04.zip
2025-04-13,FRSCE3,SoCal Citygate,CAISO delivered fuel-region cost; includes transport/reimbursement components; non-GHG,5.17,1,24,CAISO_PRC_FUEL_2025_04.zip
2025-04-14,FRSCE3,SoCal Citygate,CAISO delivered fuel-region cost; includes transport/reimbursement components; non-GHG,5.17,1,24,CAISO_PRC_FUEL_2025_04.zip
2025-04-15,FRSCE3,SoCal Citygate,CAISO delivered fuel-region cost; includes transport/reimbursement components; non-GHG,5.83,1,24,CAISO_PRC_FUEL_2025_04.zip
2025-04-16,FRSCE3,SoCal Citygate,CAISO delivered fuel-region cost; includes transport/reimbursement components; non-GHG,5.57,1,24,CAISO_PRC_FUEL_2025_04.zip
2025-04-17,FRSCE3,SoCal Citygate,CAISO delivered fuel-region cost; includes transport/reimbursement components; non-GHG,5.53,1,24,CAISO_PRC_FUEL_2025_04.zip
2025-04-18,FRSCE3,SoCal Citygate,CAISO delivered fuel-region cost; includes transport/reimbursement components; non-GHG,5.07,1,24,CAISO_PRC_FUEL_2025_04.zip
2025-04-19,FRSCE3,SoCal Citygate,CAISO delivered fuel-region cost; includes transport/reimbursement components; non-GHG,5.06,1,24,CAISO_PRC_FUEL_2025_04.zip
2025-04-20,FRSCE3,SoCal Citygate,CAISO delivered fuel-region cost; includes transport/reimbursement components; non-GHG,5.06,1,24,CAISO_PRC_FUEL_2025_04.zip
2025-04-21,FRSCE3,SoCal Citygate,CAISO delivered fuel-region cost; includes transport/reimbursement components; non-GHG,5.06,1,24,CAISO_PRC_FUEL_2025_04.zip
2025-04-22,FRSCE3,SoCal Citygate,CAISO delivered fuel-region cost; includes transport/reimbursement components; non-GHG,5.15,1,24,CAISO_PRC_FUEL_2025_04.zip
2025-04-23,FRSCE3,SoCal Citygate,CAISO delivered fuel-region cost; includes transport/reimbursement components; non-GHG,5.12,1,24,CAISO_PRC_FUEL_2025_04.zip
2025-04-24,FRSCE3,SoCal Citygate,CAISO delivered fuel-region cost; includes transport/reimbursement components; non-GHG,5.15,1,24,CAISO_PRC_FUEL_2025_04.zip
2025-04-25,FRSCE3,SoCal Citygate,CAISO delivered fuel-region cost; includes transport/reimbursement components; non-GHG,5.3,1,24,CAISO_PRC_FUEL_2025_04.zip
2025-04-26,FRSCE3,SoCal Citygate,CAISO delivered fuel-region cost; includes transport/reimbursement components; non-GHG,5.29,1,24,CAISO_PRC_FUEL_2025_04.zip
2025-04-27,FRSCE3,SoCal Citygate,CAISO delivered fuel-region cost; includes transport/reimbursement components; non-GHG,5.29,1,24,CAISO_PRC_FUEL_2025_04.zip
2025-04-28,FRSCE3,SoCal Citygate,CAISO delivered fuel-region cost; includes transport/reimbursement components; non-GHG,5.29,1,24,CAISO_PRC_FUEL_2025_04.zip
2025-04-29,FRSCE3,SoCal Citygate,CAISO delivered fuel-region cost; includes transport/reimbursement components; non-GHG,5.23,1,24,CAISO_PRC_FUEL_2025_04.zip
2025-04-30,FRSCE3,SoCal Citygate,CAISO delivered fuel-region cost; includes transport/reimbursement components; non-GHG,5.36,1,24,CAISO_PRC_FUEL_2025_04.zip
2025-05-01,FRSCE3,SoCal Citygate,CAISO delivered fuel-region cost; includes transport/reimbursement components; non-GHG,5.13,1,24,CAISO_PRC_FUEL_2025_05.zip
2025-05-02,FRSCE3,SoCal Citygate,CAISO delivered fuel-region cost; includes transport/reimbursement components; non-GHG,5.22,1,24,CAISO_PRC_FUEL_2025_05.zip
2025-05-03,FRSCE3,SoCal Citygate,CAISO delivered fuel-region cost; includes transport/reimbursement components; non-GHG,5.06,1,24,CAISO_PRC_FUEL_2025_05.zip
2025-05-04,FRSCE3,SoCal Citygate,CAISO delivered fuel-region cost; includes transport/reimbursement components; non-GHG,5.06,1,24,CAISO_PRC_FUEL_2025_05.zip
2025-05-05,FRSCE3,SoCal Citygate,CAISO delivered fuel-region cost; includes transport/reimbursement components; non-GHG,5.06,1,24,CAISO_PRC_FUEL_2025_05.zip
2025-05-06,FRSCE3,SoCal Citygate,CAISO delivered fuel-region cost; includes transport/reimbursement components; non-GHG,5.48,1,24,CAISO_PRC_FUEL_2025_05.zip
2025-05-07,FRSCE3,SoCal Citygate,CAISO delivered fuel-region cost; includes transport/reimbursement components; non-GHG,6.18,1,24,CAISO_PRC_FUEL_2025_05.zip
2025-05-08,FRSCE3,SoCal Citygate,CAISO delivered fuel-region cost; includes transport/reimbursement components; non-GHG,6.24,1,24,CAISO_PRC_FUEL_2025_05.zip
2025-05-09,FRSCE3,SoCal Citygate,CAISO delivered fuel-region cost; includes transport/reimbursement components; non-GHG,6.23,1,24,CAISO_PRC_FUEL_2025_05.zip
2025-05-10,FRSCE3,SoCal Citygate,CAISO delivered fuel-region cost; includes transport/reimbursement components; non-GHG,6.05,1,24,CAISO_PRC_FUEL_2025_05.zip
2025-05-11,FRSCE3,SoCal Citygate,CAISO delivered fuel-region cost; includes transport/reimbursement components; non-GHG,6.05,1,24,CAISO_PRC_FUEL_2025_05.zip
2025-05-12,FRSCE3,SoCal Citygate,CAISO delivered fuel-region cost; includes transport/reimbursement components; non-GHG,6.05,1,24,CAISO_PRC_FUEL_2025_05.zip
2025-05-13,FRSCE3,SoCal Citygate,CAISO delivered fuel-region cost; includes transport/reimbursement components; non-GHG,5.94,1,24,CAISO_PRC_FUEL_2025_05.zip
2025-05-14,FRSCE3,SoCal Citygate,CAISO delivered fuel-region cost; includes transport/reimbursement components; non-GHG,5.65,1,24,CAISO_PRC_FUEL_2025_05.zip
2025-05-15,FRSCE3,SoCal Citygate,CAISO delivered fuel-region cost; includes transport/reimbursement components; non-GHG,5.17,1,24,CAISO_PRC_FUEL_2025_05.zip
2025-05-16,FRSCE3,SoCal Citygate,CAISO delivered fuel-region cost; includes transport/reimbursement components; non-GHG,4.91,1,24,CAISO_PRC_FUEL_2025_05.zip
2025-05-17,FRSCE3,SoCal Citygate,CAISO delivered fuel-region cost; includes transport/reimbursement components; non-GHG,4.74,1,24,CAISO_PRC_FUEL_2025_05.zip
2025-05-18,FRSCE3,SoCal Citygate,CAISO delivered fuel-region cost; includes transport/reimbursement components; non-GHG,4.74,1,24,CAISO_PRC_FUEL_2025_05.zip
2025-05-19,FRSCE3,SoCal Citygate,CAISO delivered fuel-region cost; includes transport/reimbursement components; non-GHG,4.74,1,24,CAISO_PRC_FUEL_2025_05.zip
2025-05-20,FRSCE3,SoCal Citygate,CAISO delivered fuel-region cost; includes transport/reimbursement components; non-GHG,5.17,1,24,CAISO_PRC_FUEL_2025_05.zip
2025-05-21,FRSCE3,SoCal Citygate,CAISO delivered fuel-region cost; includes transport/reimbursement components; non-GHG,5.31,1,24,CAISO_PRC_FUEL_2025_05.zip
2025-05-22,FRSCE3,SoCal Citygate,CAISO delivered fuel-region cost; includes transport/reimbursement components; non-GHG,5.48,1,24,CAISO_PRC_FUEL_2025_05.zip
2025-05-23,FRSCE3,SoCal Citygate,CAISO delivered fuel-region cost; includes transport/reimbursement components; non-GHG,5.52,1,24,CAISO_PRC_FUEL_2025_05.zip
2025-05-24,FRSCE3,SoCal Citygate,CAISO delivered fuel-region cost; includes transport/reimbursement components; non-GHG,5.02,1,24,CAISO_PRC_FUEL_2025_05.zip
2025-05-25,FRSCE3,SoCal Citygate,CAISO delivered fuel-region cost; includes transport/reimbursement components; non-GHG,5.02,1,24,CAISO_PRC_FUEL_2025_05.zip
2025-05-26,FRSCE3,SoCal Citygate,CAISO delivered fuel-region cost; includes transport/reimbursement components; non-GHG,5.02,1,24,CAISO_PRC_FUEL_2025_05.zip
2025-05-27,FRSCE3,SoCal Citygate,CAISO delivered fuel-region cost; includes transport/reimbursement components; non-GHG,5.03,1,24,CAISO_PRC_FUEL_2025_05.zip
2025-05-28,FRSCE3,SoCal Citygate,CAISO delivered fuel-region cost; includes transport/reimbursement components; non-GHG,5.88,1,24,CAISO_PRC_FUEL_2025_05.zip
2025-05-29,FRSCE3,SoCal Citygate,CAISO delivered fuel-region cost; includes transport/reimbursement components; non-GHG,6.26,1,24,CAISO_PRC_FUEL_2025_05.zip
2025-05-30,FRSCE3,SoCal Citygate,CAISO delivered fuel-region cost; includes transport/reimbursement components; non-GHG,5.96,1,24,CAISO_PRC_FUEL_2025_05.zip
2025-05-31,FRSCE3,SoCal Citygate,CAISO delivered fuel-region cost; includes transport/reimbursement components; non-GHG,5.69,1,24,CAISO_PRC_FUEL_2025_05.zip
2025-06-01,FRSCE3,SoCal Citygate,CAISO delivered fuel-region cost; includes transport/reimbursement components; non-GHG,5.69,1,24,CAISO_PRC_FUEL_2025_06.zip
2025-06-02,FRSCE3,SoCal Citygate,CAISO delivered fuel-region cost; includes transport/reimbursement components; non-GHG,5.69,1,24,CAISO_PRC_FUEL_2025_06.zip
2025-06-03,FRSCE3,SoCal Citygate,CAISO delivered fuel-region cost; includes transport/reimbursement components; non-GHG,5.95,1,24,CAISO_PRC_FUEL_2025_06.zip
2025-06-04,FRSCE3,SoCal Citygate,CAISO delivered fuel-region cost; includes transport/reimbursement components; non-GHG,5.92,1,24,CAISO_PRC_FUEL_2025_06.zip
2025-06-05,FRSCE3,SoCal Citygate,CAISO delivered fuel-region cost; includes transport/reimbursement components; non-GHG,6.18,1,24,CAISO_PRC_FUEL_2025_06.zip
2025-06-06,FRSCE3,SoCal Citygate,CAISO delivered fuel-region cost; includes transport/reimbursement components; non-GHG,6.04,1,24,CAISO_PRC_FUEL_2025_06.zip
2025-06-07,FRSCE3,SoCal Citygate,CAISO delivered fuel-region cost; includes transport/reimbursement components; non-GHG,6.01,1,24,CAISO_PRC_FUEL_2025_06.zip
2025-06-08,FRSCE3,SoCal Citygate,CAISO delivered fuel-region cost; includes transport/reimbursement components; non-GHG,6.01,1,24,CAISO_PRC_FUEL_2025_06.zip
2025-06-09,FRSCE3,SoCal Citygate,CAISO delivered fuel-region cost; includes transport/reimbursement components; non-GHG,6.01,1,24,CAISO_PRC_FUEL_2025_06.zip
2025-06-10,FRSCE3,SoCal Citygate,CAISO delivered fuel-region cost; includes transport/reimbursement components; non-GHG,6.15,1,24,CAISO_PRC_FUEL_2025_06.zip
2025-06-11,FRSCE3,SoCal Citygate,CAISO delivered fuel-region cost; includes transport/reimbursement components; non-GHG,5.99,1,24,CAISO_PRC_FUEL_2025_06.zip
2025-06-12,FRSCE3,SoCal Citygate,CAISO delivered fuel-region cost; includes transport/reimbursement components; non-GHG,6.03,1,24,CAISO_PRC_FUEL_2025_06.zip
2025-06-13,FRSCE3,SoCal Citygate,CAISO delivered fuel-region cost; includes transport/reimbursement components; non-GHG,6.19,1,24,CAISO_PRC_FUEL_2025_06.zip
2025-06-14,FRSCE3,SoCal Citygate,CAISO delivered fuel-region cost; includes transport/reimbursement components; non-GHG,5.8,1,24,CAISO_PRC_FUEL_2025_06.zip
2025-06-15,FRSCE3,SoCal Citygate,CAISO delivered fuel-region cost; includes transport/reimbursement components; non-GHG,5.8,1,24,CAISO_PRC_FUEL_2025_06.zip
2025-06-16,FRSCE3,SoCal Citygate,CAISO delivered fuel-region cost; includes transport/reimbursement components; non-GHG,5.8,1,24,CAISO_PRC_FUEL_2025_06.zip
2025-06-17,FRSCE3,SoCal Citygate,CAISO delivered fuel-region cost; includes transport/reimbursement components; non-GHG,5.99,1,24,CAISO_PRC_FUEL_2025_06.zip
2025-06-18,FRSCE3,SoCal Citygate,CAISO delivered fuel-region cost; includes transport/reimbursement components; non-GHG,6.07,1,24,CAISO_PRC_FUEL_2025_06.zip
2025-06-19,FRSCE3,SoCal Citygate,CAISO delivered fuel-region cost; includes transport/reimbursement components; non-GHG,6.58,1,24,CAISO_PRC_FUEL_2025_06.zip
2025-06-20,FRSCE3,SoCal Citygate,CAISO delivered fuel-region cost; includes transport/reimbursement components; non-GHG,6.57,1,24,CAISO_PRC_FUEL_2025_06.zip
2025-06-21,FRSCE3,SoCal Citygate,CAISO delivered fuel-region cost; includes transport/reimbursement components; non-GHG,6.11,1,24,CAISO_PRC_FUEL_2025_06.zip
2025-06-22,FRSCE3,SoCal Citygate,CAISO delivered fuel-region cost; includes transport/reimbursement components; non-GHG,6.11,1,24,CAISO_PRC_FUEL_2025_06.zip
2025-06-23,FRSCE3,SoCal Citygate,CAISO delivered fuel-region cost; includes transport/reimbursement components; non-GHG,6.11,1,24,CAISO_PRC_FUEL_2025_06.zip
2025-06-24,FRSCE3,SoCal Citygate,CAISO delivered fuel-region cost; includes transport/reimbursement components; non-GHG,6.14,1,24,CAISO_PRC_FUEL_2025_06.zip
2025-06-25,FRSCE3,SoCal Citygate,CAISO delivered fuel-region cost; includes transport/reimbursement components; non-GHG,6.13,1,24,CAISO_PRC_FUEL_2025_06.zip
2025-06-26,FRSCE3,SoCal Citygate,CAISO delivered fuel-region cost; includes transport/reimbursement components; non-GHG,6.15,1,24,CAISO_PRC_FUEL_2025_06.zip
2025-06-27,FRSCE3,SoCal Citygate,CAISO delivered fuel-region cost; includes transport/reimbursement components; non-GHG,6.15,1,24,CAISO_PRC_FUEL_2025_06.zip
2025-06-28,FRSCE3,SoCal Citygate,CAISO delivered fuel-region cost; includes transport/reimbursement components; non-GHG,6.18,1,24,CAISO_PRC_FUEL_2025_06.zip
2025-06-29,FRSCE3,SoCal Citygate,CAISO delivered fuel-region cost; includes transport/reimbursement components; non-GHG,6.18,1,24,CAISO_PRC_FUEL_2025_06.zip
2025-06-30,FRSCE3,SoCal Citygate,CAISO delivered fuel-region cost; includes transport/reimbursement components; non-GHG,6.18,1,24,CAISO_PRC_FUEL_2025_06.zip
2025-07-01,FRSCE3,SoCal Citygate,CAISO delivered fuel-region cost; includes transport/reimbursement components; non-GHG,6.79,1,24,CAISO_PRC_FUEL_2025_07.zip
2025-07-02,FRSCE3,SoCal Citygate,CAISO delivered fuel-region cost; includes transport/reimbursement components; non-GHG,6.47,1,24,CAISO_PRC_FUEL_2025_07.zip
2025-07-03,FRSCE3,SoCal Citygate,CAISO delivered fuel-region cost; includes transport/reimbursement components; non-GHG,6.25,1,24,CAISO_PRC_FUEL_2025_07.zip
2025-07-04,FRSCE3,SoCal Citygate,CAISO delivered fuel-region cost; includes transport/reimbursement components; non-GHG,6.16,1,24,CAISO_PRC_FUEL_2025_07.zip
2025-07-05,FRSCE3,SoCal Citygate,CAISO delivered fuel-region cost; includes transport/reimbursement components; non-GHG,6.15,1,24,CAISO_PRC_FUEL_2025_07.zip
2025-07-06,FRSCE3,SoCal Citygate,CAISO delivered fuel-region cost; includes transport/reimbursement components; non-GHG,6.15,1,24,CAISO_PRC_FUEL_2025_07.zip
2025-07-07,FRSCE3,SoCal Citygate,CAISO delivered fuel-region cost; includes transport/reimbursement components; non-GHG,6.15,1,24,CAISO_PRC_FUEL_2025_07.zip
2025-07-08,FRSCE3,SoCal Citygate,CAISO delivered fuel-region cost; includes transport/reimbursement components; non-GHG,6.78,1,24,CAISO_PRC_FUEL_2025_07.zip
2025-07-09,FRSCE3,SoCal Citygate,CAISO delivered fuel-region cost; includes transport/reimbursement components; non-GHG,6.96,1,24,CAISO_PRC_FUEL_2025_07.zip
2025-07-10,FRSCE3,SoCal Citygate,CAISO delivered fuel-region cost; includes transport/reimbursement components; non-GHG,6.76,1,24,CAISO_PRC_FUEL_2025_07.zip
2025-07-11,FRSCE3,SoCal Citygate,CAISO delivered fuel-region cost; includes transport/reimbursement components; non-GHG,6.47,1,24,CAISO_PRC_FUEL_2025_07.zip
2025-07-12,FRSCE3,SoCal Citygate,CAISO delivered fuel-region cost; includes transport/reimbursement components; non-GHG,6.24,1,24,CAISO_PRC_FUEL_2025_07.zip
2025-07-13,FRSCE3,SoCal Citygate,CAISO delivered fuel-region cost; includes transport/reimbursement components; non-GHG,6.24,1,24,CAISO_PRC_FUEL_2025_07.zip
2025-07-14,FRSCE3,SoCal Citygate,CAISO delivered fuel-region cost; includes transport/reimbursement components; non-GHG,6.24,1,24,CAISO_PRC_FUEL_2025_07.zip
2025-07-15,FRSCE3,SoCal Citygate,CAISO delivered fuel-region cost; includes transport/reimbursement components; non-GHG,6.4,1,24,CAISO_PRC_FUEL_2025_07.zip
2025-07-16,FRSCE3,SoCal Citygate,CAISO delivered fuel-region cost; includes transport/reimbursement components; non-GHG,6.33,1,24,CAISO_PRC_FUEL_2025_07.zip
2025-07-17,FRSCE3,SoCal Citygate,CAISO delivered fuel-region cost; includes transport/reimbursement components; non-GHG,6.41,1,24,CAISO_PRC_FUEL_2025_07.zip
2025-07-18,FRSCE3,SoCal Citygate,CAISO delivered fuel-region cost; includes transport/reimbursement components; non-GHG,6.27,1,24,CAISO_PRC_FUEL_2025_07.zip
2025-07-19,FRSCE3,SoCal Citygate,CAISO delivered fuel-region cost; includes transport/reimbursement components; non-GHG,6.21,1,24,CAISO_PRC_FUEL_2025_07.zip
2025-07-20,FRSCE3,SoCal Citygate,CAISO delivered fuel-region cost; includes transport/reimbursement components; non-GHG,6.21,1,24,CAISO_PRC_FUEL_2025_07.zip
2025-07-21,FRSCE3,SoCal Citygate,CAISO delivered fuel-region cost; includes transport/reimbursement components; non-GHG,6.21,1,24,CAISO_PRC_FUEL_2025_07.zip
2025-07-22,FRSCE3,SoCal Citygate,CAISO delivered fuel-region cost; includes transport/reimbursement components; non-GHG,6.14,1,24,CAISO_PRC_FUEL_2025_07.zip
2025-07-23,FRSCE3,SoCal Citygate,CAISO delivered fuel-region cost; includes transport/reimbursement components; non-GHG,5.93,1,24,CAISO_PRC_FUEL_2025_07.zip
2025-07-24,FRSCE3,SoCal Citygate,CAISO delivered fuel-region cost; includes transport/reimbursement components; non-GHG,5.74,1,24,CAISO_PRC_FUEL_2025_07.zip
2025-07-25,FRSCE3,SoCal Citygate,CAISO delivered fuel-region cost; includes transport/reimbursement components; non-GHG,5.74,1,24,CAISO_PRC_FUEL_2025_07.zip
2025-07-26,FRSCE3,SoCal Citygate,CAISO delivered fuel-region cost; includes transport/reimbursement components; non-GHG,5.73,1,24,CAISO_PRC_FUEL_2025_07.zip
2025-07-27,FRSCE3,SoCal Citygate,CAISO delivered fuel-region cost; includes transport/reimbursement components; non-GHG,5.73,1,24,CAISO_PRC_FUEL_2025_07.zip
2025-07-28,FRSCE3,SoCal Citygate,CAISO delivered fuel-region cost; includes transport/reimbursement components; non-GHG,5.73,1,24,CAISO_PRC_FUEL_2025_07.zip
2025-07-29,FRSCE3,SoCal Citygate,CAISO delivered fuel-region cost; includes transport/reimbursement components; non-GHG,5.93,1,24,CAISO_PRC_FUEL_2025_07.zip
2025-07-30,FRSCE3,SoCal Citygate,CAISO delivered fuel-region cost; includes transport/reimbursement components; non-GHG,5.93,1,24,CAISO_PRC_FUEL_2025_07.zip
2025-07-31,FRSCE3,SoCal Citygate,CAISO delivered fuel-region cost; includes transport/reimbursement components; non-GHG,5.82,1,24,CAISO_PRC_FUEL_2025_07.zip
2025-08-01,FRSCE3,SoCal Citygate,CAISO delivered fuel-region cost; includes transport/reimbursement components; non-GHG,5.63,1,24,CAISO_PRC_FUEL_2025_08.zip
2025-08-02,FRSCE3,SoCal Citygate,CAISO delivered fuel-region cost; includes transport/reimbursement components; non-GHG,5.57,1,24,CAISO_PRC_FUEL_2025_08.zip
2025-08-03,FRSCE3,SoCal Citygate,CAISO delivered fuel-region cost; includes transport/reimbursement components; non-GHG,5.57,1,24,CAISO_PRC_FUEL_2025_08.zip
2025-08-04,FRSCE3,SoCal Citygate,CAISO delivered fuel-region cost; includes transport/reimbursement components; non-GHG,5.57,1,24,CAISO_PRC_FUEL_2025_08.zip
2025-08-05,FRSCE3,SoCal Citygate,CAISO delivered fuel-region cost; includes transport/reimbursement components; non-GHG,5.79,1,24,CAISO_PRC_FUEL_2025_08.zip
2025-08-06,FRSCE3,SoCal Citygate,CAISO delivered fuel-region cost; includes transport/reimbursement components; non-GHG,5.89,1,24,CAISO_PRC_FUEL_2025_08.zip
2025-08-07,FRSCE3,SoCal Citygate,CAISO delivered fuel-region cost; includes transport/reimbursement components; non-GHG,5.95,1,24,CAISO_PRC_FUEL_2025_08.zip
2025-08-08,FRSCE3,SoCal Citygate,CAISO delivered fuel-region cost; includes transport/reimbursement components; non-GHG,5.73,1,24,CAISO_PRC_FUEL_2025_08.zip
2025-08-09,FRSCE3,SoCal Citygate,CAISO delivered fuel-region cost; includes transport/reimbursement components; non-GHG,5.73,1,24,CAISO_PRC_FUEL_2025_08.zip
2025-08-10,FRSCE3,SoCal Citygate,CAISO delivered fuel-region cost; includes transport/reimbursement components; non-GHG,5.73,1,24,CAISO_PRC_FUEL_2025_08.zip
2025-08-11,FRSCE3,SoCal Citygate,CAISO delivered fuel-region cost; includes transport/reimbursement components; non-GHG,5.73,1,24,CAISO_PRC_FUEL_2025_08.zip
2025-08-12,FRSCE3,SoCal Citygate,CAISO delivered fuel-region cost; includes transport/reimbursement components; non-GHG,5.93,1,24,CAISO_PRC_FUEL_2025_08.zip
2025-08-13,FRSCE3,SoCal Citygate,CAISO delivered fuel-region cost; includes transport/reimbursement components; non-GHG,5.73,1,24,CAISO_PRC_FUEL_2025_08.zip
2025-08-14,FRSCE3,SoCal Citygate,CAISO delivered fuel-region cost; includes transport/reimbursement components; non-GHG,5.81,1,24,CAISO_PRC_FUEL_2025_08.zip
2025-08-15,FRSCE3,SoCal Citygate,CAISO delivered fuel-region cost; includes transport/reimbursement components; non-GHG,5.68,1,24,CAISO_PRC_FUEL_2025_08.zip
2025-08-16,FRSCE3,SoCal Citygate,CAISO delivered fuel-region cost; includes transport/reimbursement components; non-GHG,5.74,1,24,CAISO_PRC_FUEL_2025_08.zip
2025-08-17,FRSCE3,SoCal Citygate,CAISO delivered fuel-region cost; includes transport/reimbursement components; non-GHG,5.74,1,24,CAISO_PRC_FUEL_2025_08.zip
2025-08-18,FRSCE3,SoCal Citygate,CAISO delivered fuel-region cost; includes transport/reimbursement components; non-GHG,5.74,1,24,CAISO_PRC_FUEL_2025_08.zip
2025-08-19,FRSCE3,SoCal Citygate,CAISO delivered fuel-region cost; includes transport/reimbursement components; non-GHG,5.89,1,24,CAISO_PRC_FUEL_2025_08.zip
2025-08-20,FRSCE3,SoCal Citygate,CAISO delivered fuel-region cost; includes transport/reimbursement components; non-GHG,6.1,1,24,CAISO_PRC_FUEL_2025_08.zip
2025-08-21,FRSCE3,SoCal Citygate,CAISO delivered fuel-region cost; includes transport/reimbursement components; non-GHG,6.27,1,24,CAISO_PRC_FUEL_2025_08.zip
2025-08-22,FRSCE3,SoCal Citygate,CAISO delivered fuel-region cost; includes transport/reimbursement components; non-GHG,5.97,1,24,CAISO_PRC_FUEL_2025_08.zip
2025-08-23,FRSCE3,SoCal Citygate,CAISO delivered fuel-region cost; includes transport/reimbursement components; non-GHG,6.01,1,24,CAISO_PRC_FUEL_2025_08.zip
2025-08-24,FRSCE3,SoCal Citygate,CAISO delivered fuel-region cost; includes transport/reimbursement components; non-GHG,6.01,1,24,CAISO_PRC_FUEL_2025_08.zip
2025-08-25,FRSCE3,SoCal Citygate,CAISO delivered fuel-region cost; includes transport/reimbursement components; non-GHG,6.01,1,24,CAISO_PRC_FUEL_2025_08.zip
2025-08-26,FRSCE3,SoCal Citygate,CAISO delivered fuel-region cost; includes transport/reimbursement components; non-GHG,6.1,1,24,CAISO_PRC_FUEL_2025_08.zip
2025-08-27,FRSCE3,SoCal Citygate,CAISO delivered fuel-region cost; includes transport/reimbursement components; non-GHG,5.91,1,24,CAISO_PRC_FUEL_2025_08.zip
2025-08-28,FRSCE3,SoCal Citygate,CAISO delivered fuel-region cost; includes transport/reimbursement components; non-GHG,5.97,1,24,CAISO_PRC_FUEL_2025_08.zip
2025-08-29,FRSCE3,SoCal Citygate,CAISO delivered fuel-region cost; includes transport/reimbursement components; non-GHG,5.73,1,24,CAISO_PRC_FUEL_2025_08.zip
2025-08-30,FRSCE3,SoCal Citygate,CAISO delivered fuel-region cost; includes transport/reimbursement components; non-GHG,6.1,1,24,CAISO_PRC_FUEL_2025_08.zip
2025-08-31,FRSCE3,SoCal Citygate,CAISO delivered fuel-region cost; includes transport/reimbursement components; non-GHG,6.1,1,24,CAISO_PRC_FUEL_2025_08.zip
2025-09-01,FRSCE3,SoCal Citygate,CAISO delivered fuel-region cost; includes transport/reimbursement components; non-GHG,6.1,1,24,CAISO_PRC_FUEL_2025_09.zip
2025-09-02,FRSCE3,SoCal Citygate,CAISO delivered fuel-region cost; includes transport/reimbursement components; non-GHG,6.09,1,24,CAISO_PRC_FUEL_2025_09.zip
2025-09-03,FRSCE3,SoCal Citygate,CAISO delivered fuel-region cost; includes transport/reimbursement components; non-GHG,6.34,1,24,CAISO_PRC_FUEL_2025_09.zip
2025-09-04,FRSCE3,SoCal Citygate,CAISO delivered fuel-region cost; includes transport/reimbursement components; non-GHG,6.51,1,24,CAISO_PRC_FUEL_2025_09.zip
2025-09-05,FRSCE3,SoCal Citygate,CAISO delivered fuel-region cost; includes transport/reimbursement components; non-GHG,6.17,1,24,CAISO_PRC_FUEL_2025_09.zip
2025-09-06,FRSCE3,SoCal Citygate,CAISO delivered fuel-region cost; includes transport/reimbursement components; non-GHG,5.87,1,24,CAISO_PRC_FUEL_2025_09.zip
2025-09-07,FRSCE3,SoCal Citygate,CAISO delivered fuel-region cost; includes transport/reimbursement components; non-GHG,5.87,1,24,CAISO_PRC_FUEL_2025_09.zip
2025-09-08,FRSCE3,SoCal Citygate,CAISO delivered fuel-region cost; includes transport/reimbursement components; non-GHG,5.87,1,24,CAISO_PRC_FUEL_2025_09.zip
2025-09-09,FRSCE3,SoCal Citygate,CAISO delivered fuel-region cost; includes transport/reimbursement components; non-GHG,6.0,1,24,CAISO_PRC_FUEL_2025_09.zip
2025-09-10,FRSCE3,SoCal Citygate,CAISO delivered fuel-region cost; includes transport/reimbursement components; non-GHG,6.08,1,24,CAISO_PRC_FUEL_2025_09.zip
2025-09-11,FRSCE3,SoCal Citygate,CAISO delivered fuel-region cost; includes transport/reimbursement components; non-GHG,6.03,1,24,CAISO_PRC_FUEL_2025_09.zip
2025-09-12,FRSCE3,SoCal Citygate,CAISO delivered fuel-region cost; includes transport/reimbursement components; non-GHG,5.87,1,24,CAISO_PRC_FUEL_2025_09.zip
2025-09-13,FRSCE3,SoCal Citygate,CAISO delivered fuel-region cost; includes transport/reimbursement components; non-GHG,5.74,1,24,CAISO_PRC_FUEL_2025_09.zip
2025-09-14,FRSCE3,SoCal Citygate,CAISO delivered fuel-region cost; includes transport/reimbursement components; non-GHG,5.74,1,24,CAISO_PRC_FUEL_2025_09.zip
2025-09-15,FRSCE3,SoCal Citygate,CAISO delivered fuel-region cost; includes transport/reimbursement components; non-GHG,5.74,1,24,CAISO_PRC_FUEL_2025_09.zip
2025-09-16,FRSCE3,SoCal Citygate,CAISO delivered fuel-region cost; includes transport/reimbursement components; non-GHG,6.52,1,24,CAISO_PRC_FUEL_2025_09.zip
2025-09-17,FRSCE3,SoCal Citygate,CAISO delivered fuel-region cost; includes transport/reimbursement components; non-GHG,6.5,1,24,CAISO_PRC_FUEL_2025_09.zip
2025-09-18,FRSCE3,SoCal Citygate,CAISO delivered fuel-region cost; includes transport/reimbursement components; non-GHG,6.76,1,24,CAISO_PRC_FUEL_2025_09.zip
2025-09-19,FRSCE3,SoCal Citygate,CAISO delivered fuel-region cost; includes transport/reimbursement components; non-GHG,6.52,1,24,CAISO_PRC_FUEL_2025_09.zip
2025-09-20,FRSCE3,SoCal Citygate,CAISO delivered fuel-region cost; includes transport/reimbursement components; non-GHG,6.13,1,24,CAISO_PRC_FUEL_2025_09.zip
2025-09-21,FRSCE3,SoCal Citygate,CAISO delivered fuel-region cost; includes transport/reimbursement components; non-GHG,6.13,1,24,CAISO_PRC_FUEL_2025_09.zip
2025-09-22,FRSCE3,SoCal Citygate,CAISO delivered fuel-region cost; includes transport/reimbursement components; non-GHG,6.13,1,24,CAISO_PRC_FUEL_2025_09.zip
2025-09-23,FRSCE3,SoCal Citygate,CAISO delivered fuel-region cost; includes transport/reimbursement components; non-GHG,6.37,1,24,CAISO_PRC_FUEL_2025_09.zip
2025-09-24,FRSCE3,SoCal Citygate,CAISO delivered fuel-region cost; includes transport/reimbursement components; non-GHG,6.36,1,24,CAISO_PRC_FUEL_2025_09.zip
2025-09-25,FRSCE3,SoCal Citygate,CAISO delivered fuel-region cost; includes transport/reimbursement components; non-GHG,6.29,1,24,CAISO_PRC_FUEL_2025_09.zip
2025-09-26,FRSCE3,SoCal Citygate,CAISO delivered fuel-region cost; includes transport/reimbursement components; non-GHG,5.9,1,24,CAISO_PRC_FUEL_2025_09.zip
2025-09-27,FRSCE3,SoCal Citygate,CAISO delivered fuel-region cost; includes transport/reimbursement components; non-GHG,5.61,1,24,CAISO_PRC_FUEL_2025_09.zip
2025-09-28,FRSCE3,SoCal Citygate,CAISO delivered fuel-region cost; includes transport/reimbursement components; non-GHG,5.61,1,24,CAISO_PRC_FUEL_2025_09.zip
2025-09-29,FRSCE3,SoCal Citygate,CAISO delivered fuel-region cost; includes transport/reimbursement components; non-GHG,5.61,1,24,CAISO_PRC_FUEL_2025_09.zip
2025-09-30,FRSCE3,SoCal Citygate,CAISO delivered fuel-region cost; includes transport/reimbursement components; non-GHG,5.46,1,24,CAISO_PRC_FUEL_2025_09.zip
2025-10-01,FRSCE3,SoCal Citygate,CAISO delivered fuel-region cost; includes transport/reimbursement components; non-GHG,5.59,1,24,CAISO_PRC_FUEL_2025_10.zip
2025-10-02,FRSCE3,SoCal Citygate,CAISO delivered fuel-region cost; includes transport/reimbursement components; non-GHG,5.71,1,24,CAISO_PRC_FUEL_2025_10.zip
2025-10-03,FRSCE3,SoCal Citygate,CAISO delivered fuel-region cost; includes transport/reimbursement components; non-GHG,5.68,1,24,CAISO_PRC_FUEL_2025_10.zip
2025-10-04,FRSCE3,SoCal Citygate,CAISO delivered fuel-region cost; includes transport/reimbursement components; non-GHG,4.93,1,24,CAISO_PRC_FUEL_2025_10.zip
2025-10-05,FRSCE3,SoCal Citygate,CAISO delivered fuel-region cost; includes transport/reimbursement components; non-GHG,4.93,1,24,CAISO_PRC_FUEL_2025_10.zip
2025-10-06,FRSCE3,SoCal Citygate,CAISO delivered fuel-region cost; includes transport/reimbursement components; non-GHG,4.93,1,24,CAISO_PRC_FUEL_2025_10.zip
2025-10-07,FRSCE3,SoCal Citygate,CAISO delivered fuel-region cost; includes transport/reimbursement components; non-GHG,5.93,1,24,CAISO_PRC_FUEL_2025_10.zip
2025-10-08,FRSCE3,SoCal Citygate,CAISO delivered fuel-region cost; includes transport/reimbursement components; non-GHG,5.8,1,24,CAISO_PRC_FUEL_2025_10.zip
2025-10-09,FRSCE3,SoCal Citygate,CAISO delivered fuel-region cost; includes transport/reimbursement components; non-GHG,6.05,1,24,CAISO_PRC_FUEL_2025_10.zip
2025-10-10,FRSCE3,SoCal Citygate,CAISO delivered fuel-region cost; includes transport/reimbursement components; non-GHG,6.1,1,24,CAISO_PRC_FUEL_2025_10.zip
2025-10-11,FRSCE3,SoCal Citygate,CAISO delivered fuel-region cost; includes transport/reimbursement components; non-GHG,5.21,1,24,CAISO_PRC_FUEL_2025_10.zip
2025-10-12,FRSCE3,SoCal Citygate,CAISO delivered fuel-region cost; includes transport/reimbursement components; non-GHG,5.21,1,24,CAISO_PRC_FUEL_2025_10.zip
2025-10-13,FRSCE3,SoCal Citygate,CAISO delivered fuel-region cost; includes transport/reimbursement components; non-GHG,5.21,1,24,CAISO_PRC_FUEL_2025_10.zip
2025-10-14,FRSCE3,SoCal Citygate,CAISO delivered fuel-region cost; includes transport/reimbursement components; non-GHG,5.21,1,24,CAISO_PRC_FUEL_2025_10.zip
2025-10-15,FRSCE3,SoCal Citygate,CAISO delivered fuel-region cost; includes transport/reimbursement components; non-GHG,5.96,1,24,CAISO_PRC_FUEL_2025_10.zip
2025-10-16,FRSCE3,SoCal Citygate,CAISO delivered fuel-region cost; includes transport/reimbursement components; non-GHG,5.7,1,24,CAISO_PRC_FUEL_2025_10.zip
2025-10-17,FRSCE3,SoCal Citygate,CAISO delivered fuel-region cost; includes transport/reimbursement components; non-GHG,5.63,1,24,CAISO_PRC_FUEL_2025_10.zip
2025-10-18,FRSCE3,SoCal Citygate,CAISO delivered fuel-region cost; includes transport/reimbursement components; non-GHG,4.73,1,24,CAISO_PRC_FUEL_2025_10.zip
2025-10-19,FRSCE3,SoCal Citygate,CAISO delivered fuel-region cost; includes transport/reimbursement components; non-GHG,4.73,1,24,CAISO_PRC_FUEL_2025_10.zip
2025-10-20,FRSCE3,SoCal Citygate,CAISO delivered fuel-region cost; includes transport/reimbursement components; non-GHG,4.73,1,24,CAISO_PRC_FUEL_2025_10.zip
2025-10-21,FRSCE3,SoCal Citygate,CAISO delivered fuel-region cost; includes transport/reimbursement components; non-GHG,5.72,1,24,CAISO_PRC_FUEL_2025_10.zip
2025-10-22,FRSCE3,SoCal Citygate,CAISO delivered fuel-region cost; includes transport/reimbursement components; non-GHG,5.58,1,24,CAISO_PRC_FUEL_2025_10.zip
2025-10-23,FRSCE3,SoCal Citygate,CAISO delivered fuel-region cost; includes transport/reimbursement components; non-GHG,5.68,1,24,CAISO_PRC_FUEL_2025_10.zip
2025-10-24,FRSCE3,SoCal Citygate,CAISO delivered fuel-region cost; includes transport/reimbursement components; non-GHG,5.71,1,24,CAISO_PRC_FUEL_2025_10.zip
2025-10-25,FRSCE3,SoCal Citygate,CAISO delivered fuel-region cost; includes transport/reimbursement components; non-GHG,5.66,1,24,CAISO_PRC_FUEL_2025_10.zip
2025-10-26,FRSCE3,SoCal Citygate,CAISO delivered fuel-region cost; includes transport/reimbursement components; non-GHG,5.66,1,24,CAISO_PRC_FUEL_2025_10.zip
2025-10-27,FRSCE3,SoCal Citygate,CAISO delivered fuel-region cost; includes transport/reimbursement components; non-GHG,5.66,1,24,CAISO_PRC_FUEL_2025_10.zip
2025-10-28,FRSCE3,SoCal Citygate,CAISO delivered fuel-region cost; includes transport/reimbursement components; non-GHG,6.18,1,24,CAISO_PRC_FUEL_2025_10.zip
2025-10-29,FRSCE3,SoCal Citygate,CAISO delivered fuel-region cost; includes transport/reimbursement components; non-GHG,6.14,1,24,CAISO_PRC_FUEL_2025_10.zip
2025-10-30,FRSCE3,SoCal Citygate,CAISO delivered fuel-region cost; includes transport/reimbursement components; non-GHG,6.13,1,24,CAISO_PRC_FUEL_2025_10.zip
2025-10-31,FRSCE3,SoCal Citygate,CAISO delivered fuel-region cost; includes transport/reimbursement components; non-GHG,6.08,1,24,CAISO_PRC_FUEL_2025_10.zip
2025-11-01,FRSCE3,SoCal Citygate,CAISO delivered fuel-region cost; includes transport/reimbursement components; non-GHG,5.72,1,24,CAISO_PRC_FUEL_2025_11.zip
2025-11-02,FRSCE3,SoCal Citygate,CAISO delivered fuel-region cost; includes transport/reimbursement components; non-GHG,5.72,1,25,CAISO_PRC_FUEL_2025_11.zip
2025-11-03,FRSCE3,SoCal Citygate,CAISO delivered fuel-region cost; includes transport/reimbursement components; non-GHG,5.72,1,24,CAISO_PRC_FUEL_2025_11.zip
2025-11-04,FRSCE3,SoCal Citygate,CAISO delivered fuel-region cost; includes transport/reimbursement components; non-GHG,6.13,1,24,CAISO_PRC_FUEL_2025_11.zip
2025-11-05,FRSCE3,SoCal Citygate,CAISO delivered fuel-region cost; includes transport/reimbursement components; non-GHG,6.42,1,24,CAISO_PRC_FUEL_2025_11.zip
2025-11-06,FRSCE3,SoCal Citygate,CAISO delivered fuel-region cost; includes transport/reimbursement components; non-GHG,6.09,1,24,CAISO_PRC_FUEL_2025_11.zip
2025-11-07,FRSCE3,SoCal Citygate,CAISO delivered fuel-region cost; includes transport/reimbursement components; non-GHG,5.93,1,24,CAISO_PRC_FUEL_2025_11.zip
2025-11-08,FRSCE3,SoCal Citygate,CAISO delivered fuel-region cost; includes transport/reimbursement components; non-GHG,5.45,1,24,CAISO_PRC_FUEL_2025_11.zip
2025-11-09,FRSCE3,SoCal Citygate,CAISO delivered fuel-region cost; includes transport/reimbursement components; non-GHG,5.45,1,24,CAISO_PRC_FUEL_2025_11.zip
2025-11-10,FRSCE3,SoCal Citygate,CAISO delivered fuel-region cost; includes transport/reimbursement components; non-GHG,5.45,1,24,CAISO_PRC_FUEL_2025_11.zip
2025-11-11,FRSCE3,SoCal Citygate,CAISO delivered fuel-region cost; includes transport/reimbursement components; non-GHG,6.37,1,24,CAISO_PRC_FUEL_2025_11.zip
2025-11-12,FRSCE3,SoCal Citygate,CAISO delivered fuel-region cost; includes transport/reimbursement components; non-GHG,6.37,1,24,CAISO_PRC_FUEL_2025_11.zip
2025-11-13,FRSCE3,SoCal Citygate,CAISO delivered fuel-region cost; includes transport/reimbursement components; non-GHG,6.58,1,24,CAISO_PRC_FUEL_2025_11.zip
2025-11-14,FRSCE3,SoCal Citygate,CAISO delivered fuel-region cost; includes transport/reimbursement components; non-GHG,6.32,1,24,CAISO_PRC_FUEL_2025_11.zip
2025-11-15,FRSCE3,SoCal Citygate,CAISO delivered fuel-region cost; includes transport/reimbursement components; non-GHG,6.26,1,24,CAISO_PRC_FUEL_2025_11.zip
2025-11-16,FRSCE3,SoCal Citygate,CAISO delivered fuel-region cost; includes transport/reimbursement components; non-GHG,6.26,1,24,CAISO_PRC_FUEL_2025_11.zip
2025-11-17,FRSCE3,SoCal Citygate,CAISO delivered fuel-region cost; includes transport/reimbursement components; non-GHG,6.26,1,24,CAISO_PRC_FUEL_2025_11.zip
2025-11-18,FRSCE3,SoCal Citygate,CAISO delivered fuel-region cost; includes transport/reimbursement components; non-GHG,6.56,1,24,CAISO_PRC_FUEL_2025_11.zip
2025-11-19,FRSCE3,SoCal Citygate,CAISO delivered fuel-region cost; includes transport/reimbursement components; non-GHG,6.4,1,24,CAISO_PRC_FUEL_2025_11.zip
2025-11-20,FRSCE3,SoCal Citygate,CAISO delivered fuel-region cost; includes transport/reimbursement components; non-GHG,6.68,1,24,CAISO_PRC_FUEL_2025_11.zip
2025-11-21,FRSCE3,SoCal Citygate,CAISO delivered fuel-region cost; includes transport/reimbursement components; non-GHG,6.52,1,24,CAISO_PRC_FUEL_2025_11.zip
2025-11-22,FRSCE3,SoCal Citygate,CAISO delivered fuel-region cost; includes transport/reimbursement components; non-GHG,6.53,1,24,CAISO_PRC_FUEL_2025_11.zip
2025-11-23,FRSCE3,SoCal Citygate,CAISO delivered fuel-region cost; includes transport/reimbursement components; non-GHG,6.53,1,24,CAISO_PRC_FUEL_2025_11.zip
2025-11-24,FRSCE3,SoCal Citygate,CAISO delivered fuel-region cost; includes transport/reimbursement components; non-GHG,6.53,1,24,CAISO_PRC_FUEL_2025_11.zip
2025-11-25,FRSCE3,SoCal Citygate,CAISO delivered fuel-region cost; includes transport/reimbursement components; non-GHG,6.6,1,24,CAISO_PRC_FUEL_2025_11.zip
2025-11-26,FRSCE3,SoCal Citygate,CAISO delivered fuel-region cost; includes transport/reimbursement components; non-GHG,6.64,1,24,CAISO_PRC_FUEL_2025_11.zip
2025-11-27,FRSCE3,SoCal Citygate,CAISO delivered fuel-region cost; includes transport/reimbursement components; non-GHG,7.11,1,24,CAISO_PRC_FUEL_2025_11.zip
2025-11-28,FRSCE3,SoCal Citygate,CAISO delivered fuel-region cost; includes transport/reimbursement components; non-GHG,7.11,1,24,CAISO_PRC_FUEL_2025_11.zip
2025-11-29,FRSCE3,SoCal Citygate,CAISO delivered fuel-region cost; includes transport/reimbursement components; non-GHG,7.11,1,24,CAISO_PRC_FUEL_2025_11.zip
2025-11-30,FRSCE3,SoCal Citygate,CAISO delivered fuel-region cost; includes transport/reimbursement components; non-GHG,7.11,1,24,CAISO_PRC_FUEL_2025_11.zip
2025-12-01,FRSCE3,SoCal Citygate,CAISO delivered fuel-region cost; includes transport/reimbursement components; non-GHG,7.11,1,24,CAISO_PRC_FUEL_2025_12.zip
2025-12-02,FRSCE3,SoCal Citygate,CAISO delivered fuel-region cost; includes transport/reimbursement components; non-GHG,7.5,1,24,CAISO_PRC_FUEL_2025_12.zip
2025-12-03,FRSCE3,SoCal Citygate,CAISO delivered fuel-region cost; includes transport/reimbursement components; non-GHG,7.21,1,24,CAISO_PRC_FUEL_2025_12.zip
2025-12-04,FRSCE3,SoCal Citygate,CAISO delivered fuel-region cost; includes transport/reimbursement components; non-GHG,7.41,1,24,CAISO_PRC_FUEL_2025_12.zip
2025-12-05,FRSCE3,SoCal Citygate,CAISO delivered fuel-region cost; includes transport/reimbursement components; non-GHG,7.32,1,24,CAISO_PRC_FUEL_2025_12.zip
2025-12-06,FRSCE3,SoCal Citygate,CAISO delivered fuel-region cost; includes transport/reimbursement components; non-GHG,7.24,1,24,CAISO_PRC_FUEL_2025_12.zip
2025-12-07,FRSCE3,SoCal Citygate,CAISO delivered fuel-region cost; includes transport/reimbursement components; non-GHG,7.24,1,24,CAISO_PRC_FUEL_2025_12.zip
2025-12-08,FRSCE3,SoCal Citygate,CAISO delivered fuel-region cost; includes transport/reimbursement components; non-GHG,7.24,1,24,CAISO_PRC_FUEL_2025_12.zip
2025-12-09,FRSCE3,SoCal Citygate,CAISO delivered fuel-region cost; includes transport/reimbursement components; non-GHG,7.04,1,24,CAISO_PRC_FUEL_2025_12.zip
2025-12-10,FRSCE3,SoCal Citygate,CAISO delivered fuel-region cost; includes transport/reimbursement components; non-GHG,6.63,1,24,CAISO_PRC_FUEL_2025_12.zip
2025-12-11,FRSCE3,SoCal Citygate,CAISO delivered fuel-region cost; includes transport/reimbursement components; non-GHG,6.23,1,24,CAISO_PRC_FUEL_2025_12.zip
2025-12-12,FRSCE3,SoCal Citygate,CAISO delivered fuel-region cost; includes transport/reimbursement components; non-GHG,6.19,1,24,CAISO_PRC_FUEL_2025_12.zip
2025-12-13,FRSCE3,SoCal Citygate,CAISO delivered fuel-region cost; includes transport/reimbursement components; non-GHG,6.3,1,24,CAISO_PRC_FUEL_2025_12.zip
2025-12-14,FRSCE3,SoCal Citygate,CAISO delivered fuel-region cost; includes transport/reimbursement components; non-GHG,6.3,1,24,CAISO_PRC_FUEL_2025_12.zip
2025-12-15,FRSCE3,SoCal Citygate,CAISO delivered fuel-region cost; includes transport/reimbursement components; non-GHG,6.3,1,24,CAISO_PRC_FUEL_2025_12.zip
2025-12-16,FRSCE3,SoCal Citygate,CAISO delivered fuel-region cost; includes transport/reimbursement components; non-GHG,6.08,1,24,CAISO_PRC_FUEL_2025_12.zip
2025-12-17,FRSCE3,SoCal Citygate,CAISO delivered fuel-region cost; includes transport/reimbursement components; non-GHG,5.7,1,24,CAISO_PRC_FUEL_2025_12.zip
2025-12-18,FRSCE3,SoCal Citygate,CAISO delivered fuel-region cost; includes transport/reimbursement components; non-GHG,5.81,1,24,CAISO_PRC_FUEL_2025_12.zip
2025-12-19,FRSCE3,SoCal Citygate,CAISO delivered fuel-region cost; includes transport/reimbursement components; non-GHG,5.74,1,24,CAISO_PRC_FUEL_2025_12.zip
2025-12-20,FRSCE3,SoCal Citygate,CAISO delivered fuel-region cost; includes transport/reimbursement components; non-GHG,5.61,1,24,CAISO_PRC_FUEL_2025_12.zip
2025-12-21,FRSCE3,SoCal Citygate,CAISO delivered fuel-region cost; includes transport/reimbursement components; non-GHG,5.61,1,24,CAISO_PRC_FUEL_2025_12.zip
2025-12-22,FRSCE3,SoCal Citygate,CAISO delivered fuel-region cost; includes transport/reimbursement components; non-GHG,5.61,1,24,CAISO_PRC_FUEL_2025_12.zip
2025-12-23,FRSCE3,SoCal Citygate,CAISO delivered fuel-region cost; includes transport/reimbursement components; non-GHG,5.59,1,24,CAISO_PRC_FUEL_2025_12.zip
2025-12-24,FRSCE3,SoCal Citygate,CAISO delivered fuel-region cost; includes transport/reimbursement components; non-GHG,5.3,1,24,CAISO_PRC_FUEL_2025_12.zip
2025-12-25,FRSCE3,SoCal Citygate,CAISO delivered fuel-region cost; includes transport/reimbursement components; non-GHG,5.36,1,24,CAISO_PRC_FUEL_2025_12.zip
2025-12-26,FRSCE3,SoCal Citygate,CAISO delivered fuel-region cost; includes transport/reimbursement components; non-GHG,5.36,1,24,CAISO_PRC_FUEL_2025_12.zip
2025-12-27,FRSCE3,SoCal Citygate,CAISO delivered fuel-region cost; includes transport/reimbursement components; non-GHG,5.36,1,24,CAISO_PRC_FUEL_2025_12.zip
2025-12-28,FRSCE3,SoCal Citygate,CAISO delivered fuel-region cost; includes transport/reimbursement components; non-GHG,5.36,1,24,CAISO_PRC_FUEL_2025_12.zip
2025-12-29,FRSCE3,SoCal Citygate,CAISO delivered fuel-region cost; includes transport/reimbursement components; non-GHG,5.36,1,24,CAISO_PRC_FUEL_2025_12.zip
2025-12-30,FRSCE3,SoCal Citygate,CAISO delivered fuel-region cost; includes transport/reimbursement components; non-GHG,5.91,1,24,CAISO_PRC_FUEL_2025_12.zip
2025-12-31,FRSCE3,SoCal Citygate,CAISO delivered fuel-region cost; includes transport/reimbursement components; non-GHG,6.13,1,24,CAISO_PRC_FUEL_2025_12.zip
