date,time_days,month_id,weekday,month,spread_usd_mwh,evening_lmp_usd_mwh,midday_lmp_usd_mwh,battery_gw,battery_lag1_gw,battery_gwh,demand_gap_gw,solar_drop_gw,gas_usd_mmbtu,trend_years,tariff_break,negative_price_hours_24eq
2023-05-01,0,1,Monday,May,51.95386,57.23385,5.27999,4.8564,,14.8494,0.4605833333333321,9.46675,4.6,0.0,0,0.0
2023-05-02,1,1,Tuesday,May,47.73533,62.77357,15.03824,4.8564,,14.8494,0.9913333333333321,6.9535,5.55,0.0027378507871321013,0,0.0
2023-05-03,2,1,Wednesday,May,38.45064,51.99542,13.54477,4.8564,,14.8494,1.999916666666668,8.904333333333334,5.57,0.0054757015742642025,0,0.0
2023-05-04,3,1,Thursday,May,29.94488,35.79136,5.84648,4.8564,,14.8494,0.8135833333333321,7.020583333333334,3.54,0.008213552361396304,0,0.0
2023-05-05,4,1,Friday,May,32.67385,29.06954,-3.60431,4.8564,,14.8494,0.42075,7.39375,3.31,0.010951403148528405,0,7.0
2023-05-06,5,1,Saturday,May,32.92515,20.72528,-12.19987,4.8564,,14.8494,2.7599166666666677,4.436333333333333,3.3,0.013689253935660506,0,9.0
2023-05-07,6,1,Sunday,May,34.99968,18.26185,-16.73783,4.8564,,14.8494,4.284833333333334,3.027833333333333,3.3,0.01642710472279261,0,10.0
2023-05-08,7,1,Monday,May,42.98356,29.72457,-13.25898,4.8564,,14.8494,2.4213333333333322,7.778416666666666,3.3,0.019164955509924708,0,9.0
2023-05-09,8,1,Tuesday,May,36.28369,33.13961,-3.14408,4.8564,,14.8494,2.11525,8.683583333333335,3.55,0.02190280629705681,0,8.0
2023-05-10,9,1,Wednesday,May,41.58648,29.059,-12.52748,4.8564,,14.8494,1.0756666666666679,5.00025,3.63,0.024640657084188913,0,9.0
2023-05-11,10,1,Thursday,May,41.14229,33.17646,-7.96583,4.8564,,14.8494,2.47425,7.479583333333334,3.33,0.02737850787132101,0,9.0
2023-05-12,11,1,Friday,May,43.49936,43.07144,-0.42792,4.8564,,14.8494,3.410666666666668,9.239333333333335,3.32,0.030116358658453114,0,6.0
2023-05-13,12,1,Saturday,May,50.90169,44.37104,-6.53066,4.8564,,14.8494,6.0725,8.128833333333334,3.35,0.03285420944558522,0,7.0
2023-05-14,13,1,Sunday,May,53.45183,42.64004,-10.81179,4.8564,,14.8494,5.63675,8.030916666666666,3.35,0.03559206023271732,0,9.0
2023-05-15,14,1,Monday,May,61.7205,74.47861,12.75811,4.8564,,14.8494,4.221583333333332,8.940833333333334,3.35,0.038329911019849415,0,0.0
2023-05-16,15,1,Tuesday,May,57.6418,70.28554,12.64373,4.8564,,14.8494,4.895916666666668,8.465,4.3,0.04106776180698152,0,0.0
2023-05-17,16,1,Wednesday,May,52.89801,63.14715,10.24914,4.8564,,14.8494,4.78475,9.122333333333334,4.17,0.04380561259411362,0,0.0
2023-05-18,17,1,Thursday,May,49.56277,53.29717,3.73441,4.8564,,14.8494,3.881916666666668,8.516833333333334,4.12,0.04654346338124572,0,2.0
2023-05-19,18,1,Friday,May,36.32239,39.55013,3.22774,4.8564,,14.8494,3.0665,9.171833333333334,3.69,0.049281314168377825,0,0.0
2023-05-20,19,1,Saturday,May,35.62302,34.90456,-0.71846,4.8564,,14.8494,4.239416666666668,9.416083333333335,3.61,0.05201916495550993,0,3.0
2023-05-21,20,1,Sunday,May,43.40074,35.51158,-7.88917,4.8564,,14.8494,6.3836666666666675,8.90775,3.61,0.05475701574264202,0,8.0
2023-05-22,21,1,Monday,May,51.03534,49.87602,-1.15932,4.8564,,14.8494,4.789083333333332,9.581666666666665,3.61,0.057494866529774126,0,5.0
2023-05-23,22,1,Tuesday,May,42.771,47.90375,5.13275,4.8564,,14.8494,1.9619166666666679,8.98975,3.88,0.06023271731690623,0,0.0
2023-05-24,23,1,Wednesday,May,47.15365,49.13687,1.98322,4.8564,,14.8494,2.206,8.813666666666666,3.93,0.06297056810403832,0,0.0
2023-05-25,24,1,Thursday,May,39.64778,40.814,1.16622,4.8564,,14.8494,2.376083333333332,8.5135,3.8,0.06570841889117043,0,0.0
2023-05-26,25,1,Friday,May,33.56665,32.24189,-1.32475,4.8564,,14.8494,2.1608333333333323,7.507833333333334,3.54,0.06844626967830253,0,5.0
2023-05-27,26,1,Saturday,May,34.12394,21.93353,-12.19041,4.8564,,14.8494,3.925916666666668,7.324,3.15,0.07118412046543464,0,10.0
2023-05-28,27,1,Sunday,May,33.0334,20.785,-12.2484,4.8564,,14.8494,3.1655833333333323,8.585,3.15,0.07392197125256673,0,10.0
2023-05-29,28,1,Monday,May,35.32927,25.03746,-10.29181,4.8564,,14.8494,3.17925,9.3545,3.15,0.07665982203969883,0,9.0
2023-05-30,29,1,Tuesday,May,28.93932,32.03042,3.0911,4.8564,,14.8494,2.79075,8.2555,3.16,0.07939767282683094,0,0.0
2023-05-31,30,1,Wednesday,May,35.16275,34.33966,-0.82309,4.8564,,14.8494,2.161833333333332,7.857333333333334,4.06,0.08213552361396304,0,4.0
2023-06-01,31,2,Thursday,June,31.8556,39.52617,7.67057,4.9373000000000005,4.8564,15.505700000000001,2.572,8.39275,3.69,0.08487337440109514,0,0.0
2023-06-02,32,2,Friday,June,31.31568,36.47845,5.16277,4.9373000000000005,4.8564,15.505700000000001,3.30825,8.68025,3.39,0.08761122518822724,0,0.0
2023-06-03,33,2,Saturday,June,36.5072,38.67781,2.17062,4.9373000000000005,4.8564,15.505700000000001,5.93425,8.360083333333334,3.5,0.09034907597535935,0,0.0
2023-06-04,34,2,Sunday,June,40.08443,47.06363,6.9792,4.9373000000000005,4.8564,15.505700000000001,6.439416666666668,8.395666666666665,3.5,0.09308692676249145,0,0.0
2023-06-05,35,2,Monday,June,32.46903,50.78916,18.32013,4.9373000000000005,4.8564,15.505700000000001,1.525416666666668,8.726666666666667,3.5,0.09582477754962354,0,0.0
2023-06-06,36,2,Tuesday,June,30.02263,51.97062,21.94799,4.9373000000000005,4.8564,15.505700000000001,1.6065833333333321,8.5485,4.29,0.09856262833675565,0,0.0
2023-06-07,37,2,Wednesday,June,28.55728,52.20852,23.65123,4.9373000000000005,4.8564,15.505700000000001,1.50075,5.942166666666666,4.46,0.10130047912388775,0,0.0
2023-06-08,38,2,Thursday,June,24.28205,49.94159,25.65954,4.9373000000000005,4.8564,15.505700000000001,2.7378333333333322,8.503333333333334,4.86,0.10403832991101986,0,0.0
2023-06-09,39,2,Friday,June,22.46959,44.12365,21.65405,4.9373000000000005,4.8564,15.505700000000001,1.280583333333332,8.754166666666666,4.5,0.10677618069815195,0,0.0
2023-06-10,40,2,Saturday,June,18.22371,40.61602,22.39231,4.9373000000000005,4.8564,15.505700000000001,2.11625,8.195916666666665,3.54,0.10951403148528405,0,0.0
2023-06-11,41,2,Sunday,June,22.94249,35.25105,12.30856,4.9373000000000005,4.8564,15.505700000000001,3.82325,7.578333333333334,3.54,0.11225188227241616,0,0.0
2023-06-12,42,2,Monday,June,18.96478,41.59367,22.62889,4.9373000000000005,4.8564,15.505700000000001,2.115,8.6335,3.54,0.11498973305954825,0,0.0
2023-06-13,43,2,Tuesday,June,28.07962,39.41714,11.33752,4.9373000000000005,4.8564,15.505700000000001,2.247666666666668,8.89075,4.64,0.11772758384668036,0,0.0
2023-06-14,44,2,Wednesday,June,31.53942,40.76546,9.22604,4.9373000000000005,4.8564,15.505700000000001,3.3326666666666678,8.675666666666666,4.61,0.12046543463381246,0,0.0
2023-06-15,45,2,Thursday,June,35.30608,43.29863,7.99254,4.9373000000000005,4.8564,15.505700000000001,2.857333333333332,9.0505,4.69,0.12320328542094455,0,0.0
2023-06-16,46,2,Friday,June,30.22242,45.15651,14.93408,4.9373000000000005,4.8564,15.505700000000001,3.9493333333333323,9.3795,5.37,0.12594113620807665,0,0.0
2023-06-17,47,2,Saturday,June,41.07423,45.28569,4.21145,4.9373000000000005,4.8564,15.505700000000001,5.513166666666668,8.480083333333335,5.19,0.12867898699520877,0,0.0
2023-06-18,48,2,Sunday,June,46.46518,35.8284,-10.63678,4.9373000000000005,4.8564,15.505700000000001,3.7923333333333322,6.002083333333334,5.19,0.13141683778234087,0,9.0
2023-06-19,49,2,Monday,June,40.11692,36.06815,-4.04877,4.9373000000000005,4.8564,15.505700000000001,3.178416666666668,7.165,5.19,0.13415468856947296,0,7.0
2023-06-20,50,2,Tuesday,June,46.46626,38.98804,-7.47822,4.9373000000000005,4.8564,15.505700000000001,3.84375,7.013333333333334,5.19,0.13689253935660506,0,8.0
2023-06-21,51,2,Wednesday,June,48.83575,48.34048,-0.49527,4.9373000000000005,4.8564,15.505700000000001,4.037416666666668,8.050333333333334,5.58,0.13963039014373715,0,5.0
2023-06-22,52,2,Thursday,June,47.75118,47.71238,-0.03881,4.9373000000000005,4.8564,15.505700000000001,2.338916666666668,8.854916666666666,6.35,0.14236824093086928,0,3.0
2023-06-23,53,2,Friday,June,42.35747,35.30021,-7.05726,4.9373000000000005,4.8564,15.505700000000001,3.188333333333332,8.22075,6.55,0.14510609171800137,0,8.0
2023-06-24,54,2,Saturday,June,43.15046,44.33469,1.18424,4.9373000000000005,4.8564,15.505700000000001,3.876166666666668,7.8261666666666665,4.67,0.14784394250513347,0,0.0
2023-06-25,55,2,Sunday,June,44.48497,40.01653,-4.46843,4.9373000000000005,4.8564,15.505700000000001,5.25675,7.189916666666666,4.67,0.15058179329226556,0,8.0
2023-06-26,56,2,Monday,June,45.86661,47.6217,1.7551,4.9373000000000005,4.8564,15.505700000000001,4.412,8.770166666666666,4.67,0.15331964407939766,0,0.0
2023-06-27,57,2,Tuesday,June,47.90873,60.27309,12.36436,4.9373000000000005,4.8564,15.505700000000001,4.6620833333333325,8.790583333333334,6.48,0.15605749486652978,0,0.0
2023-06-28,58,2,Wednesday,June,38.43431,53.62929,15.19498,4.9373000000000005,4.8564,15.505700000000001,4.08525,8.933333333333334,6.53,0.15879534565366188,0,0.0
2023-06-29,59,2,Thursday,June,41.37953,70.19543,28.8159,4.9373000000000005,4.8564,15.505700000000001,6.666,8.754833333333334,6.41,0.16153319644079397,0,0.0
2023-06-30,60,2,Friday,June,46.30173,83.85031,37.54858,4.9373000000000005,4.8564,15.505700000000001,7.163166666666668,8.8565,7.13,0.16427104722792607,0,0.0
2023-07-01,61,3,Saturday,July,32.89758,66.54319,33.64561,5.4188,4.9373000000000005,16.0525,8.193416666666668,8.738083333333334,5.45,0.16700889801505817,0,0.0
2023-07-02,62,3,Sunday,July,39.25292,71.92823,32.67531,5.4188,4.9373000000000005,16.0525,8.266666666666667,8.522916666666665,5.45,0.1697467488021903,0,0.0
2023-07-03,63,3,Monday,July,40.40706,79.54707,39.14001,5.4188,4.9373000000000005,16.0525,5.929333333333332,8.809083333333334,5.45,0.17248459958932238,0,0.0
2023-07-04,64,3,Tuesday,July,36.21548,56.32312,20.10764,5.4188,4.9373000000000005,16.0525,6.229916666666668,8.656083333333333,5.47,0.17522245037645448,0,0.0
2023-07-05,65,3,Wednesday,July,34.30777,61.17782,26.87004,5.4188,4.9373000000000005,16.0525,6.26,9.077666666666666,5.47,0.17796030116358658,0,0.0
2023-07-06,66,3,Thursday,July,31.99616,50.55311,18.55695,5.4188,4.9373000000000005,16.0525,4.6403333333333325,8.9155,5.28,0.1806981519507187,0,0.0
2023-07-07,67,3,Friday,July,25.52871,45.05554,19.52683,5.4188,4.9373000000000005,16.0525,4.646166666666668,8.998916666666666,4.78,0.1834360027378508,0,0.0
2023-07-08,68,3,Saturday,July,27.54787,42.36642,14.81856,5.4188,4.9373000000000005,16.0525,5.474833333333332,8.86775,4.05,0.1861738535249829,0,0.0
2023-07-09,69,3,Sunday,July,30.72836,44.4085,13.68013,5.4188,4.9373000000000005,16.0525,6.3044166666666674,8.81975,4.05,0.188911704312115,0,0.0
2023-07-10,70,3,Monday,July,34.65614,64.05008,29.39394,5.4188,4.9373000000000005,16.0525,6.923583333333332,8.731083333333334,4.05,0.19164955509924708,0,0.0
2023-07-11,71,3,Tuesday,July,40.58789,74.01528,33.42739,5.4188,4.9373000000000005,16.0525,8.1015,8.765166666666666,5.07,0.1943874058863792,0,0.0
2023-07-12,72,3,Wednesday,July,48.66701,82.16457,33.49756,5.4188,4.9373000000000005,16.0525,6.8005,8.70425,5.01,0.1971252566735113,0,0.0
2023-07-13,73,3,Thursday,July,43.2095,79.43099,36.22149,5.4188,4.9373000000000005,16.0525,7.162333333333332,8.873416666666666,4.95,0.1998631074606434,0,0.0
2023-07-14,74,3,Friday,July,68.24,115.87306,47.63305,5.4188,4.9373000000000005,16.0525,8.504166666666668,9.20625,5.46,0.2026009582477755,0,0.0
2023-07-15,75,3,Saturday,July,86.16466,135.95509,49.79042,5.4188,4.9373000000000005,16.0525,8.665083333333332,8.343583333333333,6.33,0.2053388090349076,0,0.0
2023-07-16,76,3,Sunday,July,110.95837,164.1654,53.20703,5.4188,4.9373000000000005,16.0525,8.495083333333332,8.533,6.33,0.2080766598220397,0,0.0
2023-07-17,77,3,Monday,July,130.34301,192.64466,62.30165,5.4188,4.9373000000000005,16.0525,7.374916666666664,8.0185,6.33,0.2108145106091718,0,0.0
2023-07-18,78,3,Tuesday,July,85.4863,147.52233,62.03603,5.4188,4.9373000000000005,16.0525,6.42375,8.579833333333333,7.72,0.2135523613963039,0,0.0
2023-07-19,79,3,Wednesday,July,73.8823,135.53089,61.64858,5.4188,4.9373000000000005,16.0525,7.2121666666666675,8.853,7.12,0.216290212183436,0,0.0
2023-07-20,80,3,Thursday,July,87.25794,156.8199,69.56196,5.4188,4.9373000000000005,16.0525,7.77275,8.866833333333334,7.15,0.2190280629705681,0,0.0
2023-07-21,81,3,Friday,July,98.21733,177.32489,79.10756,5.4188,4.9373000000000005,16.0525,7.8045,8.835,8.17,0.22176591375770022,0,0.0
2023-07-22,82,3,Saturday,July,108.59215,175.32652,66.73437,5.4188,4.9373000000000005,16.0525,8.482583333333332,8.107416666666666,8.07,0.2245037645448323,0,0.0
2023-07-23,83,3,Sunday,July,115.10483,177.97027,62.86545,5.4188,4.9373000000000005,16.0525,5.477333333333332,7.802666666666666,8.07,0.2272416153319644,0,0.0
2023-07-24,84,3,Monday,July,131.84184,201.36361,69.52177,5.4188,4.9373000000000005,16.0525,7.282333333333332,9.056,8.07,0.2299794661190965,0,0.0
2023-07-25,85,3,Tuesday,July,135.42851,212.80832,77.37981,5.4188,4.9373000000000005,16.0525,8.796916666666664,8.198333333333334,8.86,0.2327173169062286,0,0.0
2023-07-26,86,3,Wednesday,July,119.05762,189.88688,70.82925,5.4188,4.9373000000000005,16.0525,7.72575,8.979,8.15,0.23545516769336072,0,0.0
2023-07-27,87,3,Thursday,July,267.20238,378.59294,111.39056,5.4188,4.9373000000000005,16.0525,7.311083333333336,9.39075,13.82,0.23819301848049282,0,0.0
2023-07-28,88,3,Friday,July,243.27642,336.29167,93.01526,5.4188,4.9373000000000005,16.0525,5.887416666666668,9.246166666666666,11.47,0.24093086926762491,0,0.0
2023-07-29,89,3,Saturday,July,146.11089,215.97739,69.8665,5.4188,4.9373000000000005,16.0525,7.731583333333332,9.021,11.27,0.243668720054757,0,0.0
2023-07-30,90,3,Sunday,July,92.05327,164.65162,72.59835,5.4188,4.9373000000000005,16.0525,9.617833333333332,7.156416666666666,11.27,0.2464065708418891,0,0.0
2023-07-31,91,3,Monday,July,104.85879,193.43498,88.57619,5.4188,4.9373000000000005,16.0525,5.25525,7.841666666666666,11.27,0.24914442162902123,0,0.0
2023-08-01,92,4,Tuesday,August,73.44694,150.28682,76.83988,5.987100000000001,5.4188,16.0525,6.623,7.858916666666666,9.76,0.2518822724161533,0,0.0
2023-08-02,93,4,Wednesday,August,65.23562,131.80866,66.57304,5.987100000000001,5.4188,16.0525,6.239583333333332,8.994416666666666,9.37,0.2546201232032854,0,0.0
2023-08-03,94,4,Thursday,August,55.30971,107.53802,52.22831,5.987100000000001,5.4188,16.0525,6.14575,9.317833333333335,10.31,0.25735797399041754,0,0.0
2023-08-04,95,4,Friday,August,52.9904,107.8786,54.8882,5.987100000000001,5.4188,16.0525,7.867583333333332,9.4155,10.0,0.2600958247775496,0,0.0
2023-08-05,96,4,Saturday,August,60.69192,109.26578,48.57386,5.987100000000001,5.4188,16.0525,8.924166666666668,9.410833333333334,10.63,0.26283367556468173,0,0.0
2023-08-06,97,4,Sunday,August,72.85907,126.50955,53.65048,5.987100000000001,5.4188,16.0525,9.8625,9.505666666666666,10.63,0.2655715263518138,0,0.0
2023-08-07,98,4,Monday,August,88.55453,159.12634,70.57181,5.987100000000001,5.4188,16.0525,7.499416666666668,9.527916666666666,10.63,0.2683093771389459,0,0.0
2023-08-08,99,4,Tuesday,August,52.1712,103.28146,51.11026,5.987100000000001,5.4188,16.0525,5.802083333333332,9.994666666666665,9.17,0.27104722792607805,0,0.0
2023-08-09,100,4,Wednesday,August,31.86,75.51951,43.65951,5.987100000000001,5.4188,16.0525,5.521,9.27,6.58,0.2737850787132101,0,0.0
2023-08-10,101,4,Thursday,August,28.72919,74.73262,46.00343,5.987100000000001,5.4188,16.0525,4.831833333333332,7.9265,6.52,0.27652292950034224,0,0.0
2023-08-11,102,4,Friday,August,25.82663,70.03076,44.20413,5.987100000000001,5.4188,16.0525,5.398833333333332,9.855916666666666,6.41,0.2792607802874743,0,0.0
2023-08-12,103,4,Saturday,August,35.90388,73.23696,37.33308,5.987100000000001,5.4188,16.0525,7.462416666666668,9.79875,6.33,0.28199863107460643,0,0.0
2023-08-13,104,4,Sunday,August,57.90644,96.81699,38.91055,5.987100000000001,5.4188,16.0525,9.0745,9.674666666666665,6.33,0.28473648186173856,0,0.0
2023-08-14,105,4,Monday,August,174.53055,236.35206,61.82151,5.987100000000001,5.4188,16.0525,7.388916666666664,9.884916666666665,6.33,0.2874743326488706,0,0.0
2023-08-15,106,4,Tuesday,August,522.65486,618.49489,95.84003,5.987100000000001,5.4188,16.0525,8.435666666666664,9.363166666666666,9.62,0.29021218343600275,0,0.0
2023-08-16,107,4,Wednesday,August,841.08491,958.61973,117.53482,5.987100000000001,5.4188,16.0525,7.509,8.236166666666666,9.7,0.2929500342231348,0,0.0
2023-08-17,108,4,Thursday,August,135.18207,206.49079,71.30872,5.987100000000001,5.4188,16.0525,6.37575,9.762583333333334,9.42,0.29568788501026694,0,0.0
2023-08-18,109,4,Friday,August,48.79802,92.43628,43.63826,5.987100000000001,5.4188,16.0525,6.463416666666668,9.862666666666666,7.29,0.29842573579739906,0,0.0
2023-08-19,110,4,Saturday,August,25.52279,68.72616,43.20338,5.987100000000001,5.4188,16.0525,5.83925,6.380583333333333,5.02,0.30116358658453113,0,0.0
2023-08-20,111,4,Sunday,August,14.57112,63.05851,48.48739,5.987100000000001,5.4188,16.0525,3.288,2.86325,5.02,0.30390143737166325,0,0.0
2023-08-21,112,4,Monday,August,21.53642,64.09881,42.56239,5.987100000000001,5.4188,16.0525,3.794083333333332,7.392833333333334,5.02,0.3066392881587953,0,0.0
2023-08-22,113,4,Tuesday,August,36.36267,66.41179,30.04912,5.987100000000001,5.4188,16.0525,7.889166666666668,9.461333333333334,5.34,0.30937713894592744,0,0.0
2023-08-23,114,4,Wednesday,August,38.55751,67.27787,28.72035,5.987100000000001,5.4188,16.0525,8.794916666666667,9.957333333333334,5.4,0.31211498973305957,0,0.0
2023-08-24,115,4,Thursday,August,37.77941,66.11667,28.33727,5.987100000000001,5.4188,16.0525,5.709166666666668,10.031416666666667,5.09,0.31485284052019163,0,0.0
2023-08-25,116,4,Friday,August,41.73565,78.47317,36.73752,5.987100000000001,5.4188,16.0525,6.2035,10.265,6.06,0.31759069130732376,0,0.0
2023-08-26,117,4,Saturday,August,46.6601,77.18383,30.52373,5.987100000000001,5.4188,16.0525,8.214083333333333,9.985666666666667,6.09,0.3203285420944558,0,0.0
2023-08-27,118,4,Sunday,August,60.88854,93.11548,32.22693,5.987100000000001,5.4188,16.0525,10.791,10.274333333333335,6.09,0.32306639288158795,0,0.0
2023-08-28,119,4,Monday,August,267.11931,335.91772,68.79841,5.987100000000001,5.4188,16.0525,9.3555,10.496083333333335,6.09,0.3258042436687201,0,0.0
2023-08-29,120,4,Tuesday,August,174.03911,247.67611,73.637,5.987100000000001,5.4188,16.0525,9.35725,10.557,11.67,0.32854209445585214,0,0.0
2023-08-30,121,4,Wednesday,August,149.45223,205.32824,55.87601,5.987100000000001,5.4188,16.0525,8.0755,10.737583333333333,8.02,0.33127994524298426,0,0.0
2023-08-31,122,4,Thursday,August,30.69831,64.80974,34.11143,5.987100000000001,5.4188,16.0525,6.59075,10.046833333333334,5.23,0.33401779603011633,0,0.0
2023-09-01,123,5,Friday,September,23.78325,53.38735,29.6041,6.274100000000001,5.987100000000001,16.616,2.3456666666666677,8.304,4.67,0.33675564681724846,0,0.0
2023-09-02,124,5,Saturday,September,25.27681,49.57322,24.29641,6.274100000000001,5.987100000000001,16.616,3.0295,7.865,4.19,0.3394934976043806,0,0.0
2023-09-03,125,5,Sunday,September,34.20092,42.04829,7.84737,6.274100000000001,5.987100000000001,16.616,4.2986666666666675,9.265,4.19,0.34223134839151265,0,0.0
2023-09-04,126,5,Monday,September,42.5165,44.46745,1.95095,6.274100000000001,5.987100000000001,16.616,7.455333333333332,9.277666666666667,4.19,0.34496919917864477,0,4.0
2023-09-05,127,5,Tuesday,September,43.87008,53.42461,9.55453,6.274100000000001,5.987100000000001,16.616,5.370583333333332,10.053666666666667,4.19,0.34770704996577684,0,0.0
2023-09-06,128,5,Wednesday,September,39.96745,58.199,18.23155,6.274100000000001,5.987100000000001,16.616,6.77975,11.1915,4.14,0.35044490075290896,0,0.0
2023-09-07,129,5,Thursday,September,40.60759,67.16402,26.55642,6.274100000000001,5.987100000000001,16.616,7.873333333333332,11.14025,4.62,0.3531827515400411,0,0.0
2023-09-08,130,5,Friday,September,52.99176,88.64199,35.65023,6.274100000000001,5.987100000000001,16.616,8.5135,11.030916666666666,5.67,0.35592060232717315,0,0.0
2023-09-09,131,5,Saturday,September,56.12729,91.84834,35.72105,6.274100000000001,5.987100000000001,16.616,7.531583333333332,11.168166666666666,5.99,0.3586584531143053,0,0.0
2023-09-10,132,5,Sunday,September,45.88808,92.65549,46.7674,6.274100000000001,5.987100000000001,16.616,9.038583333333332,7.110666666666666,5.99,0.3613963039014374,0,0.0
2023-09-11,133,5,Monday,September,41.46024,93.03637,51.57612,6.274100000000001,5.987100000000001,16.616,4.447583333333332,8.655083333333334,5.99,0.36413415468856947,0,0.0
2023-09-12,134,5,Tuesday,September,36.86734,72.11329,35.24594,6.274100000000001,5.987100000000001,16.616,5.732166666666668,11.022333333333334,6.89,0.3668720054757016,0,0.0
2023-09-13,135,5,Wednesday,September,48.91993,65.15366,16.23373,6.274100000000001,5.987100000000001,16.616,6.3045833333333325,11.3975,6.5,0.36960985626283366,0,0.0
2023-09-14,136,5,Thursday,September,54.33173,74.7248,20.39307,6.274100000000001,5.987100000000001,16.616,6.588666666666668,11.35225,6.43,0.3723477070499658,0,0.0
2023-09-15,137,5,Friday,September,54.69538,76.86469,22.16931,6.274100000000001,5.987100000000001,16.616,4.926916666666668,11.4065,6.45,0.3750855578370979,0,0.0
2023-09-16,138,5,Saturday,September,47.15411,63.08821,15.93411,6.274100000000001,5.987100000000001,16.616,2.5710833333333323,11.488916666666666,5.4,0.37782340862423,0,0.0
2023-09-17,139,5,Sunday,September,45.00359,56.84575,11.84216,6.274100000000001,5.987100000000001,16.616,4.314,11.357666666666667,5.4,0.3805612594113621,0,0.0
2023-09-18,140,5,Monday,September,49.91655,57.88401,7.96746,6.274100000000001,5.987100000000001,16.616,4.065916666666668,11.684833333333334,5.4,0.38329911019849416,0,0.0
2023-09-19,141,5,Tuesday,September,45.20168,59.42347,14.22179,6.274100000000001,5.987100000000001,16.616,4.727666666666668,12.1,5.57,0.3860369609856263,0,0.0
2023-09-20,142,5,Wednesday,September,43.21993,51.94429,8.72436,6.274100000000001,5.987100000000001,16.616,4.076,11.616,5.37,0.3887748117727584,0,0.0
2023-09-21,143,5,Thursday,September,51.77578,52.71247,0.93669,6.274100000000001,5.987100000000001,16.616,2.615916666666668,11.862583333333333,5.7,0.3915126625598905,0,3.0
2023-09-22,144,5,Friday,September,26.32821,57.4238,31.09558,6.274100000000001,5.987100000000001,16.616,2.41625,9.487916666666665,6.74,0.3942505133470226,0,0.0
2023-09-23,145,5,Saturday,September,50.06311,47.99809,-2.06502,6.274100000000001,5.987100000000001,16.616,4.755416666666668,11.326333333333334,5.1,0.39698836413415467,0,5.0
2023-09-24,146,5,Sunday,September,54.28045,54.9275,0.64705,6.274100000000001,5.987100000000001,16.616,7.247583333333332,11.8785,5.1,0.3997262149212868,0,5.0
2023-09-25,147,5,Monday,September,47.19685,62.55883,15.36198,6.274100000000001,5.987100000000001,16.616,5.330916666666668,12.0805,5.1,0.4024640657084189,0,0.0
2023-09-26,148,5,Tuesday,September,57.91159,70.10476,12.19317,6.274100000000001,5.987100000000001,16.616,5.607083333333332,12.384166666666665,7.01,0.405201916495551,0,0.0
2023-09-27,149,5,Wednesday,September,42.29687,59.29281,16.99595,6.274100000000001,5.987100000000001,16.616,5.02425,11.099083333333335,4.71,0.4079397672826831,0,0.0
2023-09-28,150,5,Thursday,September,38.75384,52.88685,14.13301,6.274100000000001,5.987100000000001,16.616,4.673166666666668,12.231416666666666,4.5,0.4106776180698152,0,0.0
2023-09-29,151,5,Friday,September,42.54713,48.16956,5.62243,6.274100000000001,5.987100000000001,16.616,2.225833333333332,12.20975,4.52,0.4134154688569473,0,0.0
2023-09-30,152,5,Saturday,September,33.49209,43.73674,10.24465,6.274100000000001,5.987100000000001,16.616,1.3365833333333321,8.407666666666666,5.48,0.4161533196440794,0,0.0
2023-10-01,153,6,Sunday,October,48.2717,45.22456,-3.04714,6.718100000000001,6.274100000000001,17.164,4.252583333333332,9.494833333333334,5.48,0.4188911704312115,0,6.0
2023-10-02,154,6,Monday,October,40.68954,53.81211,13.12256,6.718100000000001,6.274100000000001,17.164,3.754,11.636833333333334,5.48,0.4216290212183436,0,0.0
2023-10-03,155,6,Tuesday,October,53.48187,74.11113,20.62926,6.718100000000001,6.274100000000001,17.164,5.3438333333333325,11.386916666666666,6.69,0.4243668720054757,0,0.0
2023-10-04,156,6,Wednesday,October,65.07186,86.71611,21.64425,6.718100000000001,6.274100000000001,17.164,7.522916666666668,11.517083333333334,7.66,0.4271047227926078,0,0.0
2023-10-05,157,6,Thursday,October,82.62278,113.01392,30.39114,6.718100000000001,6.274100000000001,17.164,7.3915,11.531166666666666,8.65,0.42984257357973993,0,0.0
2023-10-06,158,6,Friday,October,96.77178,130.56541,33.79362,6.718100000000001,6.274100000000001,17.164,7.407,12.031416666666667,9.07,0.432580424366872,0,0.0
2023-10-07,159,6,Saturday,October,82.40625,111.71097,29.30472,6.718100000000001,6.274100000000001,17.164,8.207666666666668,12.223,8.09,0.4353182751540041,0,0.0
2023-10-08,160,6,Sunday,October,66.0378,99.2156,33.17781,6.718100000000001,6.274100000000001,17.164,7.626166666666668,11.834083333333334,8.09,0.4380561259411362,0,0.0
2023-10-09,161,6,Monday,October,51.97823,80.26371,28.28548,6.718100000000001,6.274100000000001,17.164,3.6309166666666677,9.8815,8.09,0.4407939767282683,0,0.0
2023-10-10,162,6,Tuesday,October,55.14386,70.08228,14.93842,6.718100000000001,6.274100000000001,17.164,4.207083333333332,11.260666666666665,8.33,0.44353182751540043,0,0.0
2023-10-11,163,6,Wednesday,October,64.93249,70.75915,5.82666,6.718100000000001,6.274100000000001,17.164,3.453583333333332,11.51425,7.98,0.4462696783025325,0,0.0
2023-10-12,164,6,Thursday,October,68.74812,85.42076,16.67264,6.718100000000001,6.274100000000001,17.164,4.66625,11.07525,10.07,0.4490075290896646,0,0.0
2023-10-13,165,6,Friday,October,61.53205,94.81261,33.28056,6.718100000000001,6.274100000000001,17.164,2.834916666666668,10.354166666666666,10.62,0.4517453798767967,0,0.0
2023-10-14,166,6,Saturday,October,69.72711,81.47894,11.75183,6.718100000000001,6.274100000000001,17.164,5.552,10.183,11.48,0.4544832306639288,0,0.0
2023-10-15,167,6,Sunday,October,101.1002,114.33727,13.23707,6.718100000000001,6.274100000000001,17.164,7.861083333333332,11.25325,11.48,0.45722108145106094,0,1.0
2023-10-16,168,6,Monday,October,103.81711,135.2139,31.39679,6.718100000000001,6.274100000000001,17.164,5.27675,11.705666666666666,11.48,0.459958932238193,0,0.0
2023-10-17,169,6,Tuesday,October,99.55066,133.04598,33.49532,6.718100000000001,6.274100000000001,17.164,4.8,11.9465,12.25,0.46269678302532513,0,0.0
2023-10-18,170,6,Wednesday,October,125.40481,164.74301,39.3382,6.718100000000001,6.274100000000001,17.164,5.3495833333333325,12.140333333333334,13.43,0.4654346338124572,0,0.0
2023-10-19,171,6,Thursday,October,160.51307,220.92668,60.41362,6.718100000000001,6.274100000000001,17.164,5.1969166666666675,12.169666666666666,13.25,0.4681724845995893,0,0.0
2023-10-20,172,6,Friday,October,100.67714,157.07044,56.3933,6.718100000000001,6.274100000000001,17.164,3.964,12.006083333333335,12.92,0.47091033538672145,0,0.0
2023-10-21,173,6,Saturday,October,50.69969,80.41967,29.71998,6.718100000000001,6.274100000000001,17.164,4.537666666666668,12.147,7.92,0.4736481861738535,0,0.0
2023-10-22,174,6,Sunday,October,62.84566,67.3136,4.46794,6.718100000000001,6.274100000000001,17.164,3.906916666666668,10.824166666666667,7.92,0.47638603696098564,0,0.0
2023-10-23,175,6,Monday,October,51.60699,70.04833,18.44135,6.718100000000001,6.274100000000001,17.164,2.2200833333333323,10.415583333333334,7.92,0.4791238877481177,0,0.0
2023-10-24,176,6,Tuesday,October,58.92515,81.15102,22.22587,6.718100000000001,6.274100000000001,17.164,4.161916666666668,10.523666666666665,7.91,0.48186173853524983,0,0.0
2023-10-25,177,6,Wednesday,October,50.14969,71.90361,21.75392,6.718100000000001,6.274100000000001,17.164,1.1365,10.7705,7.55,0.48459958932238195,0,0.0
2023-10-26,178,6,Thursday,October,64.87319,77.44406,12.57087,6.718100000000001,6.274100000000001,17.164,3.427833333333332,10.486,6.81,0.487337440109514,0,0.0
2023-10-27,179,6,Friday,October,51.83634,71.39482,19.55849,6.718100000000001,6.274100000000001,17.164,2.456083333333332,10.943666666666665,6.79,0.49007529089664614,0,0.0
2023-10-28,180,6,Saturday,October,75.6898,71.93895,-3.75085,6.718100000000001,6.274100000000001,17.164,4.479166666666668,11.616666666666665,6.88,0.4928131416837782,0,7.0
2023-10-29,181,6,Sunday,October,84.42869,74.13241,-10.29627,6.718100000000001,6.274100000000001,17.164,4.958166666666668,10.945083333333335,6.88,0.49555099247091033,0,7.0
2023-10-30,182,6,Monday,October,67.82451,85.18955,17.36505,6.718100000000001,6.274100000000001,17.164,2.875083333333332,12.2605,6.88,0.49828884325804246,0,0.0
2023-10-31,183,6,Tuesday,October,65.23422,88.49224,23.25801,6.718100000000001,6.274100000000001,17.164,2.943083333333332,10.15775,7.71,0.5010266940451745,0,0.0
2023-11-01,184,7,Wednesday,November,72.09475,96.3453,24.25055,6.8871,6.718100000000001,17.164,2.794,10.19125,8.08,0.5037645448323066,0,0.0
2023-11-02,185,7,Thursday,November,73.59365,94.53278,20.93913,6.8871,6.718100000000001,17.164,2.935666666666668,10.03175,8.89,0.5065023956194388,0,0.0
2023-11-03,186,7,Friday,November,61.67411,87.59891,25.9248,6.8871,6.718100000000001,17.164,2.892666666666668,10.313,9.04,0.5092402464065708,0,0.0
2023-11-04,187,7,Saturday,November,50.7373,73.88062,23.14332,6.8871,6.718100000000001,17.164,3.1488333333333323,9.71875,7.54,0.5119780971937029,0,0.0
2023-11-05,188,7,Sunday,November,58.73149,71.42764,12.69615,6.8871,6.718100000000001,17.164,4.786666666666668,9.20125,7.54,0.5147159479808351,0,0.0
2023-11-06,189,7,Monday,November,59.9155,86.00754,26.09205,6.8871,6.718100000000001,17.164,3.7365,11.01175,7.54,0.5174537987679672,0,0.0
2023-11-07,190,7,Tuesday,November,69.14026,77.14787,8.00761,6.8871,6.718100000000001,17.164,2.9933333333333323,11.003666666666666,9.84,0.5201916495550992,0,2.0
2023-11-08,191,7,Wednesday,November,70.7648,81.3435,10.57869,6.8871,6.718100000000001,17.164,3.8115,11.998583333333334,8.91,0.5229295003422314,0,0.0
2023-11-09,192,7,Thursday,November,69.78727,87.70666,17.91939,6.8871,6.718100000000001,17.164,3.622,11.331,8.04,0.5256673511293635,0,0.0
2023-11-10,193,7,Friday,November,44.55805,73.19578,28.63773,6.8871,6.718100000000001,17.164,3.3955833333333323,11.381583333333333,7.46,0.5284052019164955,0,0.0
2023-11-11,194,7,Saturday,November,51.7805,66.24602,14.46552,6.8871,6.718100000000001,17.164,4.953583333333333,11.506333333333334,7.47,0.5311430527036276,0,0.0
2023-11-12,195,7,Sunday,November,54.24172,68.41082,14.1691,6.8871,6.718100000000001,17.164,5.870666666666668,12.196333333333333,7.47,0.5338809034907598,0,0.0
2023-11-13,196,7,Monday,November,37.48896,78.38653,40.89756,6.8871,6.718100000000001,17.164,3.35175,8.9565,7.47,0.5366187542778919,0,0.0
2023-11-14,197,7,Tuesday,November,41.8482,82.15206,40.30385,6.8871,6.718100000000001,17.164,3.548,10.862833333333334,7.19,0.5393566050650239,0,0.0
2023-11-15,198,7,Wednesday,November,20.84211,85.41366,64.57155,6.8871,6.718100000000001,17.164,0.6765,3.8470833333333334,8.78,0.5420944558521561,0,0.0
2023-11-16,199,7,Thursday,November,33.36235,86.7384,53.37605,6.8871,6.718100000000001,17.164,2.208166666666668,8.235083333333334,8.71,0.5448323066392882,0,0.0
2023-11-17,200,7,Friday,November,36.59299,84.60827,48.01528,6.8871,6.718100000000001,17.164,2.029416666666668,10.60425,7.69,0.5475701574264202,0,0.0
2023-11-18,201,7,Saturday,November,30.77474,63.01122,32.23648,6.8871,6.718100000000001,17.164,1.483416666666668,8.578083333333334,6.95,0.5503080082135524,0,0.0
2023-11-19,202,7,Sunday,November,65.22406,59.91481,-5.30925,6.8871,6.718100000000001,17.164,4.85725,9.710833333333333,6.95,0.5530458590006845,0,6.0
2023-11-20,203,7,Monday,November,60.13375,73.8737,13.73995,6.8871,6.718100000000001,17.164,4.23125,11.252,6.95,0.5557837097878165,0,0.0
2023-11-21,204,7,Tuesday,November,47.51913,76.7761,29.25697,6.8871,6.718100000000001,17.164,2.92475,12.04575,7.36,0.5585215605749486,0,0.0
2023-11-22,205,7,Wednesday,November,46.67157,69.99619,23.32462,6.8871,6.718100000000001,17.164,3.201666666666668,11.820416666666667,6.4,0.5612594113620808,0,0.0
2023-11-23,206,7,Thursday,November,49.45488,53.17565,3.72077,6.8871,6.718100000000001,17.164,2.859,10.567666666666666,5.9,0.5639972621492129,0,5.0
2023-11-24,207,7,Friday,November,46.65202,56.41039,9.75836,6.8871,6.718100000000001,17.164,4.90625,10.920833333333334,5.79,0.5667351129363449,0,0.0
2023-11-25,208,7,Saturday,November,50.98467,57.11895,6.13428,6.8871,6.718100000000001,17.164,4.718583333333332,12.06125,5.79,0.5694729637234771,0,2.0
2023-11-26,209,7,Sunday,November,30.32674,61.55186,31.22513,6.8871,6.718100000000001,17.164,5.0130833333333324,9.303,5.79,0.5722108145106092,0,0.0
2023-11-27,210,7,Monday,November,40.06471,70.88987,30.82516,6.8871,6.718100000000001,17.164,3.561,11.305416666666666,5.79,0.5749486652977412,0,0.0
2023-11-28,211,7,Tuesday,November,49.95152,83.17933,33.22781,6.8871,6.718100000000001,17.164,3.741,11.569166666666666,7.52,0.5776865160848734,0,0.0
2023-11-29,212,7,Wednesday,November,38.76745,82.87249,44.10504,6.8871,6.718100000000001,17.164,2.063166666666668,9.819833333333333,7.68,0.5804243668720055,0,0.0
2023-11-30,213,7,Thursday,November,30.38986,82.70795,52.31808,6.8871,6.718100000000001,17.164,2.1941666666666677,7.130166666666667,7.72,0.5831622176591376,0,0.0
2023-12-01,214,8,Friday,December,42.92064,71.8454,28.92476,7.2859,6.8871,17.164,2.219583333333332,10.988083333333334,7.03,0.5859000684462696,0,0.0
2023-12-02,215,8,Saturday,December,47.40531,62.13444,14.72914,7.2859,6.8871,17.164,3.51325,10.02175,6.19,0.5886379192334018,0,0.0
2023-12-03,216,8,Sunday,December,53.68438,62.15219,8.46781,7.2859,6.8871,17.164,4.391416666666668,9.458916666666665,6.19,0.5913757700205339,0,5.0
2023-12-04,217,8,Monday,December,47.36871,79.59544,32.22673,7.2859,6.8871,17.164,2.82025,8.661166666666666,6.19,0.5941136208076659,0,0.0
2023-12-05,218,8,Tuesday,December,54.93436,73.34673,18.41237,7.2859,6.8871,17.164,3.3551666666666677,11.089416666666667,6.04,0.5968514715947981,0,0.0
2023-12-06,219,8,Wednesday,December,41.85885,62.98806,21.12921,7.2859,6.8871,17.164,2.015583333333332,10.724416666666666,6.18,0.5995893223819302,0,0.0
2023-12-07,220,8,Thursday,December,50.28722,59.36866,9.08144,7.2859,6.8871,17.164,3.006333333333332,9.659833333333333,5.9,0.6023271731690623,0,0.0
2023-12-08,221,8,Friday,December,52.34852,63.38971,11.04118,7.2859,6.8871,17.164,2.805333333333332,10.578833333333334,5.23,0.6050650239561944,0,0.0
2023-12-09,222,8,Saturday,December,50.28836,57.53187,7.24351,7.2859,6.8871,17.164,4.153166666666668,11.269666666666666,4.79,0.6078028747433265,0,0.0
2023-12-10,223,8,Sunday,December,47.04438,60.04733,13.00295,7.2859,6.8871,17.164,4.229333333333332,10.954,4.79,0.6105407255304586,0,0.0
2023-12-11,224,8,Monday,December,26.474,72.37816,45.90416,7.2859,6.8871,17.164,2.79675,9.283666666666665,4.79,0.6132785763175906,0,0.0
2023-12-12,225,8,Tuesday,December,37.853,67.04602,29.19302,7.2859,6.8871,17.164,3.194666666666668,10.967916666666666,5.26,0.6160164271047228,0,0.0
2023-12-13,226,8,Wednesday,December,41.41439,71.93979,30.52539,7.2859,6.8871,17.164,3.632916666666668,11.648166666666667,5.7,0.6187542778918549,0,0.0
2023-12-14,227,8,Thursday,December,30.72554,72.24885,41.52331,7.2859,6.8871,17.164,2.658416666666668,11.129916666666666,5.81,0.621492128678987,0,0.0
2023-12-15,228,8,Friday,December,28.26527,68.95408,40.68881,7.2859,6.8871,17.164,2.3305833333333323,10.672833333333333,5.15,0.6242299794661191,0,0.0
2023-12-16,229,8,Saturday,December,31.81006,59.27561,27.46555,7.2859,6.8871,17.164,3.5485,10.134083333333335,4.98,0.6269678302532512,0,0.0
2023-12-17,230,8,Sunday,December,29.50494,61.76345,32.25851,7.2859,6.8871,17.164,2.407166666666668,7.715916666666667,4.98,0.6297056810403833,0,0.0
2023-12-18,231,8,Monday,December,14.15235,68.95023,54.79788,7.2859,6.8871,17.164,1.1855,5.312333333333333,4.98,0.6324435318275154,0,0.0
2023-12-19,232,8,Tuesday,December,18.23829,61.67095,43.43267,7.2859,6.8871,17.164,1.45275,5.953916666666667,4.86,0.6351813826146475,0,0.0
2023-12-20,233,8,Wednesday,December,19.2194,61.70752,42.48813,7.2859,6.8871,17.164,1.22825,5.7525,5.12,0.6379192334017796,0,0.0
2023-12-21,234,8,Thursday,December,13.94698,56.03131,42.08433,7.2859,6.8871,17.164,1.707,5.18225,4.95,0.6406570841889117,0,0.0
2023-12-22,235,8,Friday,December,8.37236,46.71085,38.3385,7.2859,6.8871,17.164,2.833,3.5135833333333335,4.44,0.6433949349760438,0,0.0
2023-12-23,236,8,Saturday,December,42.36915,49.35384,6.98469,7.2859,6.8871,17.164,4.070166666666668,9.224416666666666,4.02,0.6461327857631759,0,0.0
2023-12-24,237,8,Sunday,December,38.6107,49.68076,11.07006,7.2859,6.8871,17.164,3.360416666666668,10.147,4.02,0.648870636550308,0,0.0
2023-12-25,238,8,Monday,December,35.90456,48.99712,13.09257,7.2859,6.8871,17.164,2.991,9.774583333333334,4.02,0.6516084873374401,0,0.0
2023-12-26,239,8,Tuesday,December,24.45959,53.38414,28.92455,7.2859,6.8871,17.164,2.248916666666668,8.446666666666665,4.01,0.6543463381245722,0,0.0
2023-12-27,240,8,Wednesday,December,18.22742,51.73875,33.51134,7.2859,6.8871,17.164,2.0373333333333323,7.443666666666667,4.3,0.6570841889117043,0,0.0
2023-12-28,241,8,Thursday,December,28.82759,54.47581,25.64822,7.2859,6.8871,17.164,1.6693333333333322,10.943,4.51,0.6598220396988365,0,0.0
2023-12-29,242,8,Friday,December,15.86339,51.51701,35.65362,7.2859,6.8871,17.164,2.119416666666668,8.05975,4.28,0.6625598904859685,0,0.0
2023-12-30,243,8,Saturday,December,19.72435,45.09597,25.37162,7.2859,6.8871,17.164,1.957416666666668,8.237083333333334,4.48,0.6652977412731006,0,0.0
2023-12-31,244,8,Sunday,December,14.36051,49.36276,35.00225,7.2859,6.8871,17.164,2.343333333333332,5.311916666666667,4.48,0.6680355920602327,0,0.0
2024-01-01,245,9,Monday,January,24.9105,50.91678,26.00627,7.853899999999999,7.2859,18.064,3.893166666666668,8.58475,4.48,0.6707734428473648,0,0.0
2024-01-02,246,9,Tuesday,January,28.76744,56.55927,27.79183,7.853899999999999,7.2859,18.064,2.7328333333333323,8.763833333333334,4.47,0.6735112936344969,0,0.0
2024-01-03,247,9,Wednesday,January,22.73577,55.68261,32.94684,7.853899999999999,7.2859,18.064,3.18,6.542833333333333,5.14,0.676249144421629,0,0.0
2024-01-04,248,9,Thursday,January,44.20609,63.22054,19.01445,7.853899999999999,7.2859,18.064,2.808083333333332,10.652083333333334,5.42,0.6789869952087612,0,0.0
2024-01-05,249,9,Friday,January,42.96168,75.79065,32.82897,7.853899999999999,7.2859,18.064,2.901083333333332,8.482166666666666,7.21,0.6817248459958932,0,0.0
2024-01-06,250,9,Saturday,January,47.07706,67.72552,20.64846,7.853899999999999,7.2859,18.064,2.634166666666668,8.334916666666667,7.24,0.6844626967830253,0,0.0
2024-01-07,251,9,Sunday,January,53.83949,75.57385,21.73437,7.853899999999999,7.2859,18.064,4.931916666666668,10.67275,7.24,0.6872005475701575,0,0.0
2024-01-08,252,9,Monday,January,64.61228,102.44233,37.83005,7.853899999999999,7.2859,18.064,3.168,11.484416666666666,7.24,0.6899383983572895,0,0.0
2024-01-09,253,9,Tuesday,January,41.27821,74.092,32.81379,7.853899999999999,7.2859,18.064,2.12975,10.306,6.52,0.6926762491444216,0,0.0
2024-01-10,254,9,Wednesday,January,55.25028,90.03378,34.7835,7.853899999999999,7.2859,18.064,2.145333333333332,9.37375,7.7,0.6954140999315537,0,0.0
2024-01-11,255,9,Thursday,January,62.83846,104.42512,41.58666,7.853899999999999,7.2859,18.064,3.984416666666668,10.126333333333333,8.14,0.6981519507186859,0,0.0
2024-01-12,256,9,Friday,January,58.94392,90.19834,31.25443,7.853899999999999,7.2859,18.064,2.03825,9.503166666666665,7.05,0.7008898015058179,0,0.0
2024-01-13,257,9,Saturday,January,130.10901,188.70287,58.59386,7.853899999999999,7.2859,18.064,2.069583333333332,7.961416666666666,14.81,0.70362765229295,0,0.0
2024-01-14,258,9,Sunday,January,141.72316,190.13714,48.41397,7.853899999999999,7.2859,18.064,2.729916666666668,8.85625,14.81,0.7063655030800822,0,0.0
2024-01-15,259,9,Monday,January,140.8063,248.39157,107.58528,7.853899999999999,7.2859,18.064,2.811083333333332,7.44025,14.81,0.7091033538672142,0,0.0
2024-01-16,260,9,Tuesday,January,144.30702,220.7172,76.41018,7.853899999999999,7.2859,18.064,1.563166666666668,8.465,15.06,0.7118412046543463,0,0.0
2024-01-17,261,9,Wednesday,January,49.96026,79.33556,29.3753,7.853899999999999,7.2859,18.064,1.3935,7.322833333333333,7.4,0.7145790554414785,0,0.0
2024-01-18,262,9,Thursday,January,57.21657,74.84605,17.62948,7.853899999999999,7.2859,18.064,1.698,8.47425,5.86,0.7173169062286106,0,0.0
2024-01-19,263,9,Friday,January,23.21592,72.38293,49.167,7.853899999999999,7.2859,18.064,1.117166666666668,5.732666666666667,6.04,0.7200547570157426,0,0.0
2024-01-20,264,9,Saturday,January,21.93945,61.95869,40.01923,7.853899999999999,7.2859,18.064,1.696833333333332,3.8811666666666667,5.93,0.7227926078028748,0,0.0
2024-01-21,265,9,Sunday,January,19.93849,58.70081,38.76232,7.853899999999999,7.2859,18.064,2.399,6.350833333333333,5.93,0.7255304585900069,0,0.0
2024-01-22,266,9,Monday,January,8.92964,71.3447,62.41506,7.853899999999999,7.2859,18.064,0.61225,2.319,5.93,0.7282683093771389,0,0.0
2024-01-23,267,9,Tuesday,January,33.08575,63.79992,30.71417,7.853899999999999,7.2859,18.064,2.786666666666668,6.657,6.03,0.731006160164271,0,0.0
2024-01-24,268,9,Wednesday,January,24.09414,66.91068,42.81654,7.853899999999999,7.2859,18.064,0.6479166666666679,4.765916666666667,5.95,0.7337440109514032,0,0.0
2024-01-25,269,9,Thursday,January,36.88033,61.04036,24.16003,7.853899999999999,7.2859,18.064,2.16375,9.665333333333335,6.02,0.7364818617385352,0,0.0
2024-01-26,270,9,Friday,January,43.78812,64.54982,20.7617,7.853899999999999,7.2859,18.064,1.492083333333332,10.56925,6.33,0.7392197125256673,0,0.0
2024-01-27,271,9,Saturday,January,49.37574,57.03483,7.65909,7.853899999999999,7.2859,18.064,3.704333333333332,9.180916666666667,5.84,0.7419575633127995,0,0.0
2024-01-28,272,9,Sunday,January,42.54058,54.14197,11.60139,7.853899999999999,7.2859,18.064,3.574583333333332,8.745166666666666,5.84,0.7446954140999316,0,0.0
2024-01-29,273,9,Monday,January,43.68041,61.31085,17.63044,7.853899999999999,7.2859,18.064,2.940333333333332,11.4875,5.84,0.7474332648870636,0,0.0
2024-01-30,274,9,Tuesday,January,43.92124,53.81914,9.8979,7.853899999999999,7.2859,18.064,3.461583333333332,10.985666666666667,5.73,0.7501711156741958,0,0.0
2024-01-31,275,9,Wednesday,January,20.37588,48.05286,27.67697,7.853899999999999,7.2859,18.064,2.179916666666668,6.56475,5.38,0.7529089664613279,0,0.0
2024-02-01,276,10,Thursday,February,12.69465,53.06446,40.36982,8.0459,7.853899999999999,18.224,1.182833333333332,3.8241666666666667,5.47,0.75564681724846,0,0.0
2024-02-02,277,10,Friday,February,34.11918,49.09478,14.9756,8.0459,7.853899999999999,18.224,2.3788333333333322,9.507416666666666,5.45,0.758384668035592,0,0.0
2024-02-03,278,10,Saturday,February,43.86015,47.16083,3.30069,8.0459,7.853899999999999,18.224,2.694,9.3315,5.25,0.7611225188227242,0,2.0
2024-02-04,279,10,Sunday,February,23.19281,51.50153,28.30872,8.0459,7.853899999999999,18.224,2.078416666666668,6.768083333333333,5.25,0.7638603696098563,0,0.0
2024-02-05,280,10,Monday,February,15.46326,60.8422,45.37894,8.0459,7.853899999999999,18.224,1.6705,4.531833333333333,5.25,0.7665982203969883,0,0.0
2024-02-06,281,10,Tuesday,February,8.55684,51.47885,42.922,8.0459,7.853899999999999,18.224,1.557916666666668,4.765833333333333,5.54,0.7693360711841205,0,0.0
2024-02-07,282,10,Wednesday,February,35.17156,51.53516,16.3636,8.0459,7.853899999999999,18.224,1.22575,8.727916666666665,5.54,0.7720739219712526,0,0.0
2024-02-08,283,10,Thursday,February,56.97807,57.4851,0.50703,8.0459,7.853899999999999,18.224,2.43875,9.961833333333335,5.62,0.7748117727583846,0,3.0
2024-02-09,284,10,Friday,February,51.80301,58.94846,7.14544,8.0459,7.853899999999999,18.224,2.321333333333332,10.297666666666666,5.52,0.7775496235455168,0,0.0
2024-02-10,285,10,Saturday,February,67.26903,57.68225,-9.58679,8.0459,7.853899999999999,18.224,4.159,10.6785,5.49,0.7802874743326489,0,7.0
2024-02-11,286,10,Sunday,February,70.62534,53.2397,-17.38564,8.0459,7.853899999999999,18.224,2.09825,10.24325,5.49,0.783025325119781,0,8.0
2024-02-12,287,10,Monday,February,62.29163,63.95587,1.66423,8.0459,7.853899999999999,18.224,3.681,11.2585,5.49,0.785763175906913,0,3.0
2024-02-13,288,10,Tuesday,February,54.45354,57.54604,3.0925,8.0459,7.853899999999999,18.224,3.760416666666668,10.728666666666665,5.61,0.7885010266940452,0,1.0
2024-02-14,289,10,Wednesday,February,61.76133,58.47915,-3.28218,8.0459,7.853899999999999,18.224,3.256583333333332,10.228833333333334,5.51,0.7912388774811773,0,6.0
2024-02-15,290,10,Thursday,February,61.9636,51.13824,-10.82536,8.0459,7.853899999999999,18.224,3.2155,10.329083333333333,5.4,0.7939767282683093,0,7.0
2024-02-16,291,10,Friday,February,51.39279,52.24851,0.85572,8.0459,7.853899999999999,18.224,2.5645,10.214416666666667,5.07,0.7967145790554415,0,5.0
2024-02-17,292,10,Saturday,February,54.64795,47.16647,-7.48148,8.0459,7.853899999999999,18.224,1.212166666666668,9.161916666666666,4.62,0.7994524298425736,0,7.0
2024-02-18,293,10,Sunday,February,68.87083,52.8021,-16.06873,8.0459,7.853899999999999,18.224,4.378333333333332,9.482916666666666,4.62,0.8021902806297057,0,8.0
2024-02-19,294,10,Monday,February,24.41913,56.5388,32.11967,8.0459,7.853899999999999,18.224,2.634666666666668,8.986333333333334,4.62,0.8049281314168378,0,0.0
2024-02-20,295,10,Tuesday,February,23.38931,58.19311,34.8038,8.0459,7.853899999999999,18.224,1.3225,7.17075,4.67,0.8076659822039699,0,0.0
2024-02-21,296,10,Wednesday,February,52.11571,49.71345,-2.40226,8.0459,7.853899999999999,18.224,3.2675,9.288166666666665,5.23,0.810403832991102,0,5.0
2024-02-22,297,10,Thursday,February,65.63811,59.57787,-6.06025,8.0459,7.853899999999999,18.224,4.48575,10.258166666666666,5.22,0.813141683778234,0,5.0
2024-02-23,298,10,Friday,February,50.42814,52.32481,1.89667,8.0459,7.853899999999999,18.224,2.362166666666668,9.771333333333335,5.41,0.8158795345653662,0,3.0
2024-02-24,299,10,Saturday,February,46.38521,44.69098,-1.69422,8.0459,7.853899999999999,18.224,3.966916666666668,7.828916666666666,5.04,0.8186173853524983,0,4.0
2024-02-25,300,10,Sunday,February,46.40509,41.10428,-5.30081,8.0459,7.853899999999999,18.224,5.273833333333332,7.6155,5.04,0.8213552361396304,0,5.0
2024-02-26,301,10,Monday,February,22.80078,43.9881,21.18732,8.0459,7.853899999999999,18.224,1.208916666666668,6.370583333333333,5.04,0.8240930869267625,0,0.0
2024-02-27,302,10,Tuesday,February,66.65739,36.82239,-29.835,8.0459,7.853899999999999,18.224,3.08025,9.176416666666666,5.11,0.8268309377138946,0,8.0
2024-02-28,303,10,Wednesday,February,63.91053,44.80479,-19.10574,8.0459,7.853899999999999,18.224,4.406416666666668,9.679083333333335,4.94,0.8295687885010267,0,8.0
2024-02-29,304,10,Thursday,February,63.51327,43.29126,-20.22201,8.0459,7.853899999999999,18.224,1.53775,9.849083333333335,4.86,0.8323066392881588,0,8.0
2024-03-01,305,11,Friday,March,57.88454,44.58083,-13.30371,8.0565,8.0459,23.1561,2.1065,8.734416666666666,4.93,0.8350444900752909,0,8.0
2024-03-02,306,11,Saturday,March,49.85644,42.41766,-7.43877,8.0565,8.0459,23.1561,2.461083333333332,8.701833333333333,4.7,0.837782340862423,0,8.0
2024-03-03,307,11,Sunday,March,85.0752,42.62877,-42.44643,8.0565,8.0459,23.1561,3.2418333333333322,6.608166666666667,4.7,0.840520191649555,0,10.0
2024-03-04,308,11,Monday,March,84.46048,53.1675,-31.29298,8.0565,8.0459,23.1561,3.1365,8.034666666666666,4.7,0.8432580424366872,0,8.0
2024-03-05,309,11,Tuesday,March,79.16134,54.64558,-24.51576,8.0565,8.0459,23.1561,2.877916666666668,9.219583333333334,4.8,0.8459958932238193,0,8.0
2024-03-06,310,11,Wednesday,March,52.91281,51.33304,-1.57977,8.0565,8.0459,23.1561,2.9634166666666677,9.217916666666666,4.9,0.8487337440109514,0,6.0
2024-03-07,311,11,Thursday,March,72.2679,45.14397,-27.12393,8.0565,8.0459,23.1561,2.826,7.96925,5.13,0.8514715947980835,0,9.0
2024-03-08,312,11,Friday,March,87.93208,53.46157,-34.47051,8.0565,8.0459,23.1561,3.93075,9.268833333333333,4.89,0.8542094455852156,0,9.0
2024-03-09,313,11,Saturday,March,79.31256,46.70212,-32.61044,8.0565,8.0459,23.1561,3.1116666666666677,9.506333333333334,4.65,0.8569472963723477,0,8.0
2024-03-10,314,11,Sunday,March,58.26636,38.10866,-20.1577,8.0565,8.0459,23.1561,5.359833333333333,8.5205,4.65,0.8596851471594799,0,8.347826086956522
2024-03-11,315,11,Monday,March,64.98816,34.93011,-30.05805,8.0565,8.0459,23.1561,2.253666666666668,6.520416666666666,4.65,0.8624229979466119,0,8.0
2024-03-12,316,11,Tuesday,March,53.77285,36.39294,-17.3799,8.0565,8.0459,23.1561,-0.3296666666666679,6.026166666666666,4.59,0.865160848733744,0,7.0
2024-03-13,317,11,Wednesday,March,63.29682,28.53474,-34.76209,8.0565,8.0459,23.1561,1.52775,6.8035,4.52,0.8678986995208761,0,9.0
2024-03-14,318,11,Thursday,March,66.86758,35.71021,-31.15736,8.0565,8.0459,23.1561,2.1895,6.2469166666666665,4.38,0.8706365503080082,0,8.0
2024-03-15,319,11,Friday,March,40.63595,44.10039,3.46444,8.0565,8.0459,23.1561,2.4065,5.431333333333334,4.26,0.8733744010951403,0,1.0
2024-03-16,320,11,Saturday,March,55.57967,41.307,-14.27268,8.0565,8.0459,23.1561,2.61025,6.69925,4.08,0.8761122518822724,0,7.0
2024-03-17,321,11,Sunday,March,83.38963,38.85009,-44.53954,8.0565,8.0459,23.1561,2.6655,6.06225,4.08,0.8788501026694046,0,8.0
2024-03-18,322,11,Monday,March,61.78894,52.10634,-9.6826,8.0565,8.0459,23.1561,2.4369166666666677,7.178833333333334,4.08,0.8815879534565366,0,7.0
2024-03-19,323,11,Tuesday,March,56.78435,39.08688,-17.69748,8.0565,8.0459,23.1561,2.463333333333332,6.964,4.18,0.8843258042436687,0,8.0
2024-03-20,324,11,Wednesday,March,65.00632,29.8136,-35.19272,8.0565,8.0459,23.1561,2.242416666666668,6.912666666666666,4.14,0.8870636550308009,0,9.0
2024-03-21,325,11,Thursday,March,74.59526,30.49252,-44.10274,8.0565,8.0459,23.1561,3.0514166666666678,6.22325,4.11,0.8898015058179329,0,9.0
2024-03-22,326,11,Friday,March,52.4104,36.79943,-15.61098,8.0565,8.0459,23.1561,1.843166666666668,7.217333333333334,4.0,0.892539356605065,0,7.0
2024-03-23,327,11,Saturday,March,37.03087,23.88954,-13.14132,8.0565,8.0459,23.1561,0.9045,5.566666666666666,4.08,0.8952772073921971,0,7.0
2024-03-24,328,11,Sunday,March,51.87306,22.06668,-29.80638,8.0565,8.0459,23.1561,3.16425,6.466666666666666,4.08,0.8980150581793293,0,9.0
2024-03-25,329,11,Monday,March,69.39307,27.52655,-41.86652,8.0565,8.0459,23.1561,1.96725,6.425,4.08,0.9007529089664613,0,9.0
2024-03-26,330,11,Tuesday,March,66.2161,22.28361,-43.93249,8.0565,8.0459,23.1561,0.71075,6.711166666666666,4.17,0.9034907597535934,0,10.0
2024-03-27,331,11,Wednesday,March,64.39696,37.78061,-26.61635,8.0565,8.0459,23.1561,1.2036666666666678,6.87075,4.18,0.9062286105407256,0,8.0
2024-03-28,332,11,Thursday,March,68.1381,32.9077,-35.2304,8.0565,8.0459,23.1561,0.9025,6.242083333333334,4.27,0.9089664613278576,0,8.0
2024-03-29,333,11,Friday,March,73.34221,36.93527,-36.40695,8.0565,8.0459,23.1561,0.307,6.611916666666666,4.29,0.9117043121149897,0,8.0
2024-03-30,334,11,Saturday,March,40.49358,38.93052,-1.56307,8.0565,8.0459,23.1561,0.6579166666666679,7.49525,4.28,0.9144421629021219,0,4.0
2024-03-31,335,11,Sunday,March,56.16735,36.0358,-20.13155,8.0565,8.0459,23.1561,1.3440833333333322,7.238833333333334,4.28,0.917180013689254,0,8.0
2024-04-01,336,12,Monday,April,58.50678,29.74507,-28.76171,8.4305,8.0565,26.6962,2.4939166666666677,6.30975,4.28,0.919917864476386,0,9.0
2024-04-02,337,12,Tuesday,April,74.80194,33.21164,-41.5903,8.4305,8.0565,26.6962,1.5524166666666679,5.96625,4.54,0.9226557152635181,0,9.0
2024-04-03,338,12,Wednesday,April,77.04209,32.52692,-44.51517,8.4305,8.0565,26.6962,2.178583333333332,5.908083333333334,4.62,0.9253935660506503,0,10.0
2024-04-04,339,12,Thursday,April,67.30933,32.80194,-34.50739,8.4305,8.0565,26.6962,-0.5384166666666679,5.320833333333334,4.72,0.9281314168377823,0,9.0
2024-04-05,340,12,Friday,April,61.85518,29.9928,-31.86238,8.4305,8.0565,26.6962,-1.0641666666666678,6.266333333333334,5.18,0.9308692676249144,0,9.0
2024-04-06,341,12,Saturday,April,80.63416,15.39402,-65.24014,8.4305,8.0565,26.6962,1.2215,5.243416666666666,4.8,0.9336071184120466,0,10.0
2024-04-07,342,12,Sunday,April,83.96813,17.56512,-66.40301,8.4305,8.0565,26.6962,1.823083333333332,5.133833333333334,4.8,0.9363449691991786,0,10.0
2024-04-08,343,12,Monday,April,52.37159,33.46551,-18.90607,8.4305,8.0565,26.6962,1.9868333333333321,4.32775,4.8,0.9390828199863107,0,10.0
2024-04-09,344,12,Tuesday,April,72.81008,34.18641,-38.62367,8.4305,8.0565,26.6962,2.5213333333333323,4.891083333333334,4.4,0.9418206707734429,0,10.0
2024-04-10,345,12,Wednesday,April,70.08633,39.52438,-30.56195,8.4305,8.0565,26.6962,3.45375,6.135166666666666,4.42,0.944558521560575,0,9.0
2024-04-11,346,12,Thursday,April,63.51486,42.61075,-20.9041,8.4305,8.0565,26.6962,4.006416666666668,7.917833333333334,4.6,0.947296372347707,0,9.0
2024-04-12,347,12,Friday,April,61.04656,31.2147,-29.83186,8.4305,8.0565,26.6962,0.06691666666666787,7.70025,4.42,0.9500342231348392,0,10.0
2024-04-13,348,12,Saturday,April,52.68268,40.66163,-12.02106,8.4305,8.0565,26.6962,0.11758333333333212,6.6615,4.64,0.9527720739219713,0,7.0
2024-04-14,349,12,Sunday,April,48.68456,27.83258,-20.85198,8.4305,8.0565,26.6962,1.1871666666666678,5.791333333333334,4.64,0.9555099247091033,0,9.0
2024-04-15,350,12,Monday,April,65.95996,33.20624,-32.75372,8.4305,8.0565,26.6962,0.2265,5.859416666666666,4.64,0.9582477754962354,0,10.0
2024-04-16,351,12,Tuesday,April,63.77681,33.88549,-29.89132,8.4305,8.0565,26.6962,1.7455833333333322,5.876916666666666,4.64,0.9609856262833676,0,9.0
2024-04-17,352,12,Wednesday,April,66.57228,37.27283,-29.29945,8.4305,8.0565,26.6962,2.937166666666668,6.980833333333334,4.71,0.9637234770704997,0,9.0
2024-04-18,353,12,Thursday,April,46.06951,38.15162,-7.91789,8.4305,8.0565,26.6962,2.06125,6.099333333333334,4.7,0.9664613278576317,0,7.0
2024-04-19,354,12,Friday,April,60.03108,29.41853,-30.61256,8.4305,8.0565,26.6962,1.4225,7.352083333333334,4.56,0.9691991786447639,0,10.0
2024-04-20,355,12,Saturday,April,68.67309,22.88296,-45.79013,8.4305,8.0565,26.6962,2.2341666666666677,6.5455,4.12,0.971937029431896,0,11.0
2024-04-21,356,12,Sunday,April,59.20891,33.55132,-25.65759,8.4305,8.0565,26.6962,4.449583333333332,6.350166666666666,4.12,0.974674880219028,0,9.0
2024-04-22,357,12,Monday,April,51.33928,41.87246,-9.46683,8.4305,8.0565,26.6962,1.62125,7.357,4.12,0.9774127310061602,0,9.0
2024-04-23,358,12,Tuesday,April,53.844,32.93873,-20.90527,8.4305,8.0565,26.6962,0.3951666666666679,7.372583333333334,4.14,0.9801505817932923,0,10.0
2024-04-24,359,12,Wednesday,April,57.79659,30.09812,-27.69847,8.4305,8.0565,26.6962,0.7051666666666678,6.966666666666666,4.24,0.9828884325804244,0,10.0
2024-04-25,360,12,Thursday,April,55.47213,27.623,-27.84913,8.4305,8.0565,26.6962,1.041916666666668,6.503916666666666,4.35,0.9856262833675564,0,10.0
2024-04-26,361,12,Friday,April,39.46346,24.6605,-14.80296,8.4305,8.0565,26.6962,0.5546666666666679,5.660583333333334,4.26,0.9883641341546886,0,9.0
2024-04-27,362,12,Saturday,April,61.4117,13.52271,-47.88899,8.4305,8.0565,26.6962,1.3660833333333322,4.790583333333334,3.99,0.9911019849418207,0,11.0
2024-04-28,363,12,Sunday,April,53.12778,15.70369,-37.4241,8.4305,8.0565,26.6962,3.588166666666668,4.590083333333334,3.99,0.9938398357289527,0,11.0
2024-04-29,364,12,Monday,April,48.12114,30.27757,-17.84358,8.4305,8.0565,26.6962,2.567,6.447416666666666,3.99,0.9965776865160849,0,10.0
2024-04-30,365,12,Tuesday,April,47.18287,33.22892,-13.95396,8.4305,8.0565,26.6962,2.122666666666668,7.087,4.23,0.999315537303217,0,10.0
2024-05-01,366,13,Wednesday,May,53.68684,31.79216,-21.89469,8.658100000000001,8.4305,27.612299999999998,1.943583333333332,7.2045,4.11,1.002053388090349,0,10.0
2024-05-02,367,13,Thursday,May,42.49294,32.97866,-9.51427,8.658100000000001,8.4305,27.612299999999998,1.060333333333332,8.007,4.08,1.0047912388774811,0,9.0
2024-05-03,368,13,Friday,May,36.00902,30.76451,-5.24451,8.658100000000001,8.4305,27.612299999999998,0.48,7.824083333333334,4.07,1.0075290896646132,0,9.0
2024-05-04,369,13,Saturday,May,33.53711,32.61192,-0.92519,8.658100000000001,8.4305,27.612299999999998,-2.1741666666666677,8.972166666666666,4.06,1.0102669404517455,0,8.0
2024-05-05,370,13,Sunday,May,44.31241,14.81052,-29.50189,8.658100000000001,8.4305,27.612299999999998,1.656833333333332,4.25575,4.06,1.0130047912388775,0,11.0
2024-05-06,371,13,Monday,May,36.98891,24.12984,-12.85907,8.658100000000001,8.4305,27.612299999999998,1.73075,6.41075,4.06,1.0157426420260096,0,10.0
2024-05-07,372,13,Tuesday,May,46.12726,21.06436,-25.0629,8.658100000000001,8.4305,27.612299999999998,1.8926666666666678,4.631916666666666,4.28,1.0184804928131417,0,10.0
2024-05-08,373,13,Wednesday,May,49.14758,33.04744,-16.10015,8.658100000000001,8.4305,27.612299999999998,2.44575,4.527583333333334,4.22,1.0212183436002737,0,10.0
2024-05-09,374,13,Thursday,May,49.58531,36.44028,-13.14503,8.658100000000001,8.4305,27.612299999999998,2.702416666666668,6.936333333333334,4.29,1.0239561943874058,0,9.0
2024-05-10,375,13,Friday,May,53.54193,42.31162,-11.23031,8.658100000000001,8.4305,27.612299999999998,3.151083333333332,8.75075,4.41,1.0266940451745379,0,9.0
2024-05-11,376,13,Saturday,May,52.45737,30.74101,-21.71636,8.658100000000001,8.4305,27.612299999999998,4.256416666666668,6.19175,4.32,1.0294318959616702,0,9.0
2024-05-12,377,13,Sunday,May,54.28853,31.69456,-22.59398,8.658100000000001,8.4305,27.612299999999998,4.278666666666668,5.493916666666666,4.32,1.0321697467488022,0,10.0
2024-05-13,378,13,Monday,May,43.44038,42.18642,-1.25395,8.658100000000001,8.4305,27.612299999999998,2.77075,8.38225,4.32,1.0349075975359343,0,7.0
2024-05-14,379,13,Tuesday,May,40.28462,39.02268,-1.26195,8.658100000000001,8.4305,27.612299999999998,3.331666666666668,7.9105,4.48,1.0376454483230664,0,8.0
2024-05-15,380,13,Wednesday,May,38.92563,37.22346,-1.70216,8.658100000000001,8.4305,27.612299999999998,2.266333333333332,8.1285,4.56,1.0403832991101984,0,6.0
2024-05-16,381,13,Thursday,May,42.38993,27.09467,-15.29527,8.658100000000001,8.4305,27.612299999999998,0.3506666666666679,7.342416666666666,4.52,1.0431211498973305,0,10.0
2024-05-17,382,13,Friday,May,40.96829,25.96805,-15.00024,8.658100000000001,8.4305,27.612299999999998,-0.19325,6.917666666666666,4.37,1.0458590006844628,0,10.0
2024-05-18,383,13,Saturday,May,48.50506,18.06419,-30.44087,8.658100000000001,8.4305,27.612299999999998,2.4481666666666677,5.227333333333334,3.99,1.0485968514715949,0,11.0
2024-05-19,384,13,Sunday,May,57.48777,11.86567,-45.6221,8.658100000000001,8.4305,27.612299999999998,4.146333333333332,3.282,3.99,1.051334702258727,0,11.0
2024-05-20,385,13,Monday,May,42.44726,18.0432,-24.40407,8.658100000000001,8.4305,27.612299999999998,2.293583333333332,5.936166666666666,3.99,1.054072553045859,0,10.0
2024-05-21,386,13,Tuesday,May,43.81525,25.61103,-18.20423,8.658100000000001,8.4305,27.612299999999998,2.4845,5.544333333333334,4.35,1.056810403832991,0,11.0
2024-05-22,387,13,Wednesday,May,43.537,20.61937,-22.91763,8.658100000000001,8.4305,27.612299999999998,2.577083333333332,6.4975,4.09,1.0595482546201231,0,11.0
2024-05-23,388,13,Thursday,May,43.59403,17.32233,-26.2717,8.658100000000001,8.4305,27.612299999999998,1.1225833333333322,5.519916666666666,3.82,1.0622861054072552,0,11.0
2024-05-24,389,13,Friday,May,37.06187,12.30048,-24.76139,8.658100000000001,8.4305,27.612299999999998,0.6445,5.910166666666666,3.79,1.0650239561943875,0,11.0
2024-05-25,390,13,Saturday,May,51.01414,4.85086,-46.16328,8.658100000000001,8.4305,27.612299999999998,0.9493333333333321,5.016166666666666,3.55,1.0677618069815196,0,11.0
2024-05-26,391,13,Sunday,May,52.93817,14.38295,-38.55522,8.658100000000001,8.4305,27.612299999999998,3.288166666666668,3.946,3.55,1.0704996577686516,0,11.0
2024-05-27,392,13,Monday,May,58.2204,27.00489,-31.21552,8.658100000000001,8.4305,27.612299999999998,4.805583333333332,5.213916666666666,3.55,1.0732375085557837,0,11.0
2024-05-28,393,13,Tuesday,May,45.35272,27.76609,-17.58663,8.658100000000001,8.4305,27.612299999999998,3.99075,6.78175,3.55,1.0759753593429158,0,11.0
2024-05-29,394,13,Wednesday,May,43.28867,26.10196,-17.18672,8.658100000000001,8.4305,27.612299999999998,3.233166666666668,6.0375,3.96,1.0787132101300478,0,11.0
2024-05-30,395,13,Thursday,May,36.98635,35.85802,-1.12833,8.658100000000001,8.4305,27.612299999999998,5.1664166666666675,6.347833333333334,4.02,1.08145106091718,0,7.0
2024-05-31,396,13,Friday,May,31.45847,29.8302,-1.62826,8.658100000000001,8.4305,27.612299999999998,4.360833333333332,6.129583333333334,3.97,1.0841889117043122,0,6.0
2024-06-01,397,14,Saturday,June,39.70132,15.51779,-24.18354,9.1185,8.658100000000001,28.8518,2.748416666666668,5.60225,3.57,1.0869267624914443,0,11.0
2024-06-02,398,14,Sunday,June,60.75404,23.59459,-37.15945,9.1185,8.658100000000001,28.8518,2.77225,5.092166666666666,3.57,1.0896646132785763,0,11.0
2024-06-03,399,14,Monday,June,45.50311,33.45983,-12.04328,9.1185,8.658100000000001,28.8518,1.7295,9.026666666666666,3.57,1.0924024640657084,0,9.0
2024-06-04,400,14,Tuesday,June,41.56566,36.94772,-4.61793,9.1185,8.658100000000001,28.8518,4.7790833333333325,6.174666666666666,4.05,1.0951403148528405,0,5.0
2024-06-05,401,14,Wednesday,June,36.51412,36.24344,-0.27068,9.1185,8.658100000000001,28.8518,5.119583333333332,6.619166666666666,4.26,1.0978781656399725,0,4.0
2024-06-06,402,14,Thursday,June,31.3877,41.73973,10.35203,9.1185,8.658100000000001,28.8518,5.059583333333332,6.614833333333334,4.34,1.1006160164271048,0,0.0
2024-06-07,403,14,Friday,June,29.42249,37.06569,7.64319,9.1185,8.658100000000001,28.8518,1.983,6.366333333333334,4.29,1.103353867214237,0,0.0
2024-06-08,404,14,Saturday,June,36.02877,28.67182,-7.35694,9.1185,8.658100000000001,28.8518,3.255666666666668,6.9035,4.14,1.106091718001369,0,10.0
2024-06-09,405,14,Sunday,June,43.1054,25.50695,-17.59845,9.1185,8.658100000000001,28.8518,4.122333333333332,5.350666666666666,4.14,1.108829568788501,0,10.0
2024-06-10,406,14,Monday,June,33.20121,37.59177,4.39056,9.1185,8.658100000000001,28.8518,3.631166666666668,6.3029166666666665,4.14,1.111567419575633,0,0.0
2024-06-11,407,14,Tuesday,June,30.69191,39.25151,8.5596,9.1185,8.658100000000001,28.8518,5.280416666666668,6.176666666666666,4.38,1.1143052703627652,0,0.0
2024-06-12,408,14,Wednesday,June,35.3346,45.66922,10.33462,9.1185,8.658100000000001,28.8518,3.523333333333332,6.134,4.47,1.1170431211498972,0,0.0
2024-06-13,409,14,Thursday,June,24.09289,37.77655,13.68366,9.1185,8.658100000000001,28.8518,4.157583333333332,6.301583333333334,4.28,1.1197809719370295,0,0.0
2024-06-14,410,14,Friday,June,32.38339,38.0938,5.71041,9.1185,8.658100000000001,28.8518,4.836833333333332,6.049666666666666,4.35,1.1225188227241616,0,0.0
2024-06-15,411,14,Saturday,June,44.7938,35.75523,-9.03857,9.1185,8.658100000000001,28.8518,4.788083333333332,6.33375,4.29,1.1252566735112937,0,9.0
2024-06-16,412,14,Sunday,June,51.24807,27.25671,-23.99135,9.1185,8.658100000000001,28.8518,4.84025,4.914166666666666,4.29,1.1279945242984257,0,10.0
2024-06-17,413,14,Monday,June,39.44451,30.12023,-9.32428,9.1185,8.658100000000001,28.8518,1.799833333333332,5.889333333333334,4.29,1.1307323750855578,0,10.0
2024-06-18,414,14,Tuesday,June,32.34118,36.95123,4.61004,9.1185,8.658100000000001,28.8518,3.0139166666666677,6.43475,4.25,1.1334702258726899,0,0.0
2024-06-19,415,14,Wednesday,June,36.87199,34.10406,-2.76793,9.1185,8.658100000000001,28.8518,3.48975,6.100833333333334,4.15,1.136208076659822,0,8.0
2024-06-20,416,14,Thursday,June,32.20478,36.2123,4.00752,9.1185,8.658100000000001,28.8518,4.264,6.4244166666666676,4.15,1.1389459274469542,0,0.0
2024-06-21,417,14,Friday,June,31.81114,48.37819,16.56705,9.1185,8.658100000000001,28.8518,5.51275,6.57575,4.38,1.1416837782340863,0,0.0
2024-06-22,418,14,Saturday,June,40.3195,62.4573,22.13779,9.1185,8.658100000000001,28.8518,7.6865,6.867916666666666,4.6,1.1444216290212184,0,0.0
2024-06-23,419,14,Sunday,June,29.91048,52.97481,23.06433,9.1185,8.658100000000001,28.8518,6.93575,7.132666666666666,4.6,1.1471594798083504,0,0.0
2024-06-24,420,14,Monday,June,30.68138,60.60204,29.92066,9.1185,8.658100000000001,28.8518,4.717333333333336,6.2869166666666665,4.6,1.1498973305954825,0,0.0
2024-06-25,421,14,Tuesday,June,30.09894,65.28493,35.18599,9.1185,8.658100000000001,28.8518,4.640583333333332,6.202666666666666,5.24,1.1526351813826146,0,0.0
2024-06-26,422,14,Wednesday,June,26.49305,55.16131,28.66826,9.1185,8.658100000000001,28.8518,4.55275,6.40675,5.29,1.1553730321697468,0,0.0
2024-06-27,423,14,Thursday,June,28.43219,51.56753,23.13534,9.1185,8.658100000000001,28.8518,4.583166666666668,6.023333333333334,5.07,1.158110882956879,0,0.0
2024-06-28,424,14,Friday,June,29.38926,50.19811,20.80885,9.1185,8.658100000000001,28.8518,4.641166666666668,6.050333333333334,4.66,1.160848733744011,0,0.0
2024-06-29,425,14,Saturday,June,32.39155,50.3575,17.96595,9.1185,8.658100000000001,28.8518,6.583666666666668,6.076666666666666,5.01,1.163586584531143,0,0.0
2024-06-30,426,14,Sunday,June,38.57731,53.07234,14.49503,9.1185,8.658100000000001,28.8518,7.8385,6.263083333333334,5.01,1.1663244353182751,0,0.0
2024-07-01,427,15,Monday,July,28.66328,56.51055,27.84727,9.3929,9.1185,30.6208,6.974,5.94225,5.01,1.1690622861054072,0,0.0
2024-07-02,428,15,Tuesday,July,32.76561,59.64422,26.87861,9.3929,9.1185,30.6208,8.525583333333332,6.356583333333334,5.03,1.1718001368925393,0,0.0
2024-07-03,429,15,Wednesday,July,38.36074,63.14322,24.78248,9.3929,9.1185,30.6208,7.518833333333336,6.36325,4.85,1.1745379876796715,0,0.0
2024-07-04,430,15,Thursday,July,17.54274,41.53796,23.99522,9.3929,9.1185,30.6208,6.542083333333332,6.693666666666666,4.6,1.1772758384668036,0,0.0
2024-07-05,431,15,Friday,July,59.67005,97.10047,37.43042,9.3929,9.1185,30.6208,8.689166666666669,6.323833333333334,4.62,1.1800136892539357,0,0.0
2024-07-06,432,15,Saturday,July,41.50362,70.37846,28.87484,9.3929,9.1185,30.6208,8.743583333333332,6.540083333333334,4.62,1.1827515400410678,0,0.0
2024-07-07,433,15,Sunday,July,28.17245,49.61703,21.44458,9.3929,9.1185,30.6208,8.020166666666668,6.523666666666666,4.62,1.1854893908281998,0,0.0
2024-07-08,434,15,Monday,July,55.19994,91.37525,36.17531,9.3929,9.1185,30.6208,6.9405,6.272416666666666,4.62,1.1882272416153319,0,0.0
2024-07-09,435,15,Tuesday,July,101.77193,142.71965,40.94772,9.3929,9.1185,30.6208,6.61775,6.703916666666666,4.56,1.1909650924024642,0,0.0
2024-07-10,436,15,Wednesday,July,190.8323,236.69072,45.85841,9.3929,9.1185,30.6208,8.27075,6.4525,5.33,1.1937029431895962,0,0.0
2024-07-11,437,15,Thursday,July,220.13555,257.14215,37.00659,9.3929,9.1185,30.6208,7.693083333333336,6.360416666666666,5.62,1.1964407939767283,0,0.0
2024-07-12,438,15,Friday,July,71.70676,115.46785,43.76108,9.3929,9.1185,30.6208,4.6943333333333355,6.785833333333334,5.2,1.1991786447638604,0,0.0
2024-07-13,439,15,Saturday,July,24.58483,56.5784,31.99357,9.3929,9.1185,30.6208,4.972166666666668,5.099083333333334,4.74,1.2019164955509924,0,0.0
2024-07-14,440,15,Sunday,July,22.93822,49.42332,26.48509,9.3929,9.1185,30.6208,7.191916666666668,5.590833333333334,4.74,1.2046543463381245,0,0.0
2024-07-15,441,15,Monday,July,22.43465,54.19441,31.75975,9.3929,9.1185,30.6208,4.9461666666666675,6.641083333333334,4.74,1.2073921971252566,0,0.0
2024-07-16,442,15,Tuesday,July,25.45092,60.60443,35.1535,9.3929,9.1185,30.6208,5.22375,5.953916666666666,5.26,1.2101300479123889,0,0.0
2024-07-17,443,15,Wednesday,July,30.44296,62.46415,32.02119,9.3929,9.1185,30.6208,6.45625,5.843583333333334,5.04,1.212867898699521,0,0.0
2024-07-18,444,15,Thursday,July,32.19227,69.78172,37.58944,9.3929,9.1185,30.6208,6.492833333333332,6.420333333333334,5.3,1.215605749486653,0,0.0
2024-07-19,445,15,Friday,July,57.36058,99.90649,42.54591,9.3929,9.1185,30.6208,7.631666666666664,6.091083333333334,5.32,1.218343600273785,0,0.0
2024-07-20,446,15,Saturday,July,39.90021,76.13425,36.23404,9.3929,9.1185,30.6208,6.762666666666668,6.44525,5.15,1.2210814510609171,0,0.0
2024-07-21,447,15,Sunday,July,32.43005,62.9057,30.47565,9.3929,9.1185,30.6208,6.767083333333332,6.339,5.15,1.2238193018480492,0,0.0
2024-07-22,448,15,Monday,July,46.56037,82.89938,36.33901,9.3929,9.1185,30.6208,7.353916666666664,7.031916666666666,5.15,1.2265571526351813,0,0.0
2024-07-23,449,15,Tuesday,July,99.22649,144.68561,45.45912,9.3929,9.1185,30.6208,6.4153333333333356,7.7705,5.41,1.2292950034223136,0,0.0
2024-07-24,450,15,Wednesday,July,62.48687,108.31619,45.82932,9.3929,9.1185,30.6208,5.681916666666664,7.790583333333334,5.46,1.2320328542094456,0,0.0
2024-07-25,451,15,Thursday,July,82.40209,125.38092,42.97883,9.3929,9.1185,30.6208,5.723083333333336,6.658083333333334,5.42,1.2347707049965777,0,0.0
2024-07-26,452,15,Friday,July,41.0802,78.45883,37.37864,9.3929,9.1185,30.6208,4.3985,6.85775,5.5,1.2375085557837098,0,0.0
2024-07-27,453,15,Saturday,July,31.36087,52.14218,20.78132,9.3929,9.1185,30.6208,3.712,6.89625,5.04,1.2402464065708418,0,0.0
2024-07-28,454,15,Sunday,July,40.084,49.59582,9.51182,9.3929,9.1185,30.6208,6.145166666666668,6.622083333333332,5.04,1.242984257357974,0,0.0
2024-07-29,455,15,Monday,July,27.65691,52.72625,25.06934,9.3929,9.1185,30.6208,5.139083333333332,6.815166666666668,5.04,1.2457221081451062,0,0.0
2024-07-30,456,15,Tuesday,July,27.74288,47.72378,19.9809,9.3929,9.1185,30.6208,5.080166666666668,7.214666666666668,4.55,1.2484599589322383,0,0.0
2024-07-31,457,15,Wednesday,July,38.45333,66.87576,28.42243,9.3929,9.1185,30.6208,5.910333333333332,7.49625,4.63,1.2511978097193703,0,0.0
2024-08-01,458,16,Thursday,August,60.02259,104.77043,44.74784,9.821399999999999,9.3929,32.0538,6.15675,6.61025,5.35,1.2539356605065024,0,0.0
2024-08-02,459,16,Friday,August,85.43797,132.48776,47.04979,9.821399999999999,9.3929,32.0538,4.933833333333336,5.079083333333334,5.52,1.2566735112936345,0,0.0
2024-08-03,460,16,Saturday,August,84.18523,123.47575,39.29052,9.821399999999999,9.3929,32.0538,7.142166666666668,7.036,5.36,1.2594113620807665,0,0.0
2024-08-04,461,16,Sunday,August,66.71408,104.94199,38.22791,9.821399999999999,9.3929,32.0538,9.208416666666668,7.51125,5.36,1.2621492128678986,0,0.0
2024-08-05,462,16,Monday,August,189.68546,244.24243,54.55697,9.821399999999999,9.3929,32.0538,6.65925,7.6505833333333335,5.36,1.264887063655031,0,0.0
2024-08-06,463,16,Tuesday,August,129.00525,174.6671,45.66186,9.821399999999999,9.3929,32.0538,7.709916666666664,7.3799166666666665,5.51,1.267624914442163,0,0.0
2024-08-07,464,16,Wednesday,August,36.659,73.8975,37.23851,9.821399999999999,9.3929,32.0538,4.4538333333333355,6.8705,5.2,1.270362765229295,0,0.0
2024-08-08,465,16,Thursday,August,27.87428,58.20538,30.33111,9.821399999999999,9.3929,32.0538,5.7013333333333325,6.427583333333334,4.9,1.273100616016427,0,0.0
2024-08-09,466,16,Friday,August,25.24291,55.52366,30.28074,9.821399999999999,9.3929,32.0538,5.956333333333336,7.04225,4.67,1.2758384668035592,0,0.0
2024-08-10,467,16,Saturday,August,18.44288,47.29411,28.85123,9.821399999999999,9.3929,32.0538,7.893333333333332,8.102833333333335,4.54,1.2785763175906912,0,0.0
2024-08-11,468,16,Sunday,August,25.21046,46.6711,21.46064,9.821399999999999,9.3929,32.0538,6.308833333333332,7.978416666666666,4.54,1.2813141683778233,0,0.0
2024-08-12,469,16,Monday,August,22.6161,49.70227,27.08617,9.821399999999999,9.3929,32.0538,4.633916666666664,6.608916666666666,4.54,1.2840520191649556,0,0.0
2024-08-13,470,16,Tuesday,August,26.67023,47.26918,20.59895,9.821399999999999,9.3929,32.0538,5.214916666666668,7.449,4.64,1.2867898699520877,0,0.0
2024-08-14,471,16,Wednesday,August,25.63235,47.59374,21.96139,9.821399999999999,9.3929,32.0538,6.017333333333332,7.2625,4.53,1.2895277207392197,0,0.0
2024-08-15,472,16,Thursday,August,28.30319,49.20998,20.90678,9.821399999999999,9.3929,32.0538,6.236833333333332,7.60375,4.59,1.2922655715263518,0,0.0
2024-08-16,473,16,Friday,August,28.07069,53.71913,25.64844,9.821399999999999,9.3929,32.0538,5.4775,8.549166666666668,4.56,1.2950034223134839,0,0.0
2024-08-17,474,16,Saturday,August,25.01455,42.78597,17.77142,9.821399999999999,9.3929,32.0538,4.013166666666668,7.987583333333332,4.35,1.297741273100616,0,0.0
2024-08-18,475,16,Sunday,August,29.33748,47.11174,17.77426,9.821399999999999,9.3929,32.0538,7.102666666666668,7.24675,4.35,1.3004791238877482,0,0.0
2024-08-19,476,16,Monday,August,29.95935,57.96184,28.00249,9.821399999999999,9.3929,32.0538,6.641166666666668,7.95275,4.35,1.3032169746748803,0,0.0
2024-08-20,477,16,Tuesday,August,32.23931,61.06622,28.82691,9.821399999999999,9.3929,32.0538,7.69625,7.993583333333332,4.6,1.3059548254620124,0,0.0
2024-08-21,478,16,Wednesday,August,24.87119,52.83812,27.96693,9.821399999999999,9.3929,32.0538,6.0450833333333325,7.391,4.46,1.3086926762491444,0,0.0
2024-08-22,479,16,Thursday,August,24.77408,45.98165,21.20757,9.821399999999999,9.3929,32.0538,4.065,8.37025,4.27,1.3114305270362765,0,0.0
2024-08-23,480,16,Friday,August,23.65865,34.43094,10.77229,9.821399999999999,9.3929,32.0538,1.693,9.44,4.21,1.3141683778234086,0,0.0
2024-08-24,481,16,Saturday,August,32.14211,25.72778,-6.41433,9.821399999999999,9.3929,32.0538,2.69525,8.297166666666666,3.9,1.3169062286105406,0,9.0
2024-08-25,482,16,Sunday,August,38.30203,34.46393,-3.8381,9.821399999999999,9.3929,32.0538,6.339666666666668,8.268916666666666,3.9,1.319644079397673,0,7.0
2024-08-26,483,16,Monday,August,31.46031,50.03446,18.57415,9.821399999999999,9.3929,32.0538,6.325916666666668,8.544166666666667,3.9,1.322381930184805,0,0.0
2024-08-27,484,16,Tuesday,August,34.21993,53.08893,18.869,9.821399999999999,9.3929,32.0538,6.49,8.592666666666666,4.22,1.325119780971937,0,0.0
2024-08-28,485,16,Wednesday,August,28.78875,47.07632,18.28758,9.821399999999999,9.3929,32.0538,5.35825,8.72625,4.21,1.3278576317590691,0,0.0
2024-08-29,486,16,Thursday,August,28.51942,45.42565,16.90623,9.821399999999999,9.3929,32.0538,4.998,8.693666666666665,4.16,1.3305954825462012,0,0.0
2024-08-30,487,16,Friday,August,25.10627,42.23047,17.1242,9.821399999999999,9.3929,32.0538,4.533666666666668,8.805166666666667,4.13,1.3333333333333333,0,0.0
2024-08-31,488,16,Saturday,August,27.17778,44.98412,17.80634,9.821399999999999,9.3929,32.0538,6.578916666666668,9.154083333333334,4.35,1.3360711841204653,0,0.0
2024-09-01,489,17,Sunday,September,31.91908,45.66643,13.74735,10.163,9.821399999999999,34.7633,5.979333333333332,8.957083333333333,4.35,1.3388090349075976,0,0.0
2024-09-02,490,17,Monday,September,30.08605,49.87382,19.78777,10.163,9.821399999999999,34.7633,6.656833333333332,9.462666666666665,4.35,1.3415468856947297,0,0.0
2024-09-03,491,17,Tuesday,September,42.39137,70.06321,27.67184,10.163,9.821399999999999,34.7633,6.409583333333336,8.86875,4.36,1.3442847364818618,0,0.0
2024-09-04,492,17,Wednesday,September,136.76158,173.38466,36.62308,10.163,9.821399999999999,34.7633,6.959,9.030333333333333,4.75,1.3470225872689938,0,0.0
2024-09-05,493,17,Thursday,September,377.81191,425.98369,48.17178,10.163,9.821399999999999,34.7633,8.788916666666664,8.713833333333334,4.76,1.3497604380561259,0,0.0
2024-09-06,494,17,Friday,September,163.69422,209.08758,45.39336,10.163,9.821399999999999,34.7633,5.7568333333333355,8.622,4.71,1.352498288843258,0,0.0
2024-09-07,495,17,Saturday,September,34.68746,70.04709,35.35964,10.163,9.821399999999999,34.7633,6.12625,9.995083333333334,4.72,1.3552361396303902,0,0.0
2024-09-08,496,17,Sunday,September,28.44233,62.43039,33.98806,10.163,9.821399999999999,34.7633,6.7235,8.419666666666666,4.72,1.3579739904175223,0,0.0
2024-09-09,497,17,Monday,September,51.9841,89.94944,37.96534,10.163,9.821399999999999,34.7633,4.880833333333336,9.323416666666667,4.72,1.3607118412046544,0,0.0
2024-09-10,498,17,Tuesday,September,29.56464,58.42966,28.86502,10.163,9.821399999999999,34.7633,3.228666666666664,10.04975,4.61,1.3634496919917864,0,0.0
2024-09-11,499,17,Wednesday,September,31.51359,38.59272,7.07913,10.163,9.821399999999999,34.7633,2.429916666666668,9.550916666666668,4.6,1.3661875427789185,0,0.0
2024-09-12,500,17,Thursday,September,34.99713,36.27788,1.28074,10.163,9.821399999999999,34.7633,2.5165,9.652666666666667,4.39,1.3689253935660506,0,3.0
2024-09-13,501,17,Friday,September,26.81107,39.53109,12.72002,10.163,9.821399999999999,34.7633,2.906583333333332,9.8385,4.17,1.3716632443531827,0,0.0
2024-09-14,502,17,Saturday,September,33.54994,38.05853,4.50859,10.163,9.821399999999999,34.7633,3.6005,9.999833333333333,4.15,1.374401095140315,0,0.0
2024-09-15,503,17,Sunday,September,38.05111,34.63599,-3.41512,10.163,9.821399999999999,34.7633,2.0213333333333323,10.194416666666665,4.15,1.377138945927447,0,9.0
2024-09-16,504,17,Monday,September,29.87971,32.59208,2.71237,10.163,9.821399999999999,34.7633,-0.6014166666666679,10.000166666666667,4.15,1.379876796714579,0,0.0
2024-09-17,505,17,Tuesday,September,36.16265,32.18691,-3.97574,10.163,9.821399999999999,34.7633,0.50225,9.580083333333334,4.39,1.3826146475017111,0,9.0
2024-09-18,506,17,Wednesday,September,38.1606,38.1866,0.026,10.163,9.821399999999999,34.7633,1.286583333333332,10.011166666666666,4.5,1.3853524982888432,0,3.0
2024-09-19,507,17,Thursday,September,39.4337,38.58613,-0.84756,10.163,9.821399999999999,34.7633,1.9565833333333322,10.442333333333334,4.59,1.3880903490759753,0,4.0
2024-09-20,508,17,Friday,September,28.33839,38.4719,10.13352,10.163,9.821399999999999,34.7633,2.361166666666668,7.968833333333334,4.41,1.3908281998631074,0,0.0
2024-09-21,509,17,Saturday,September,40.8396,38.40622,-2.43338,10.163,9.821399999999999,34.7633,3.916666666666668,9.701166666666666,4.52,1.3935660506502396,0,8.0
2024-09-22,510,17,Sunday,September,47.04396,50.54579,3.50183,10.163,9.821399999999999,34.7633,5.955333333333332,9.6575,4.52,1.3963039014373717,0,3.0
2024-09-23,511,17,Monday,September,33.57876,57.43212,23.85337,10.163,9.821399999999999,34.7633,5.74825,9.60575,4.52,1.3990417522245038,0,0.0
2024-09-24,512,17,Tuesday,September,34.63799,55.61552,20.97753,10.163,9.821399999999999,34.7633,4.638333333333332,10.198333333333334,5.0,1.4017796030116358,0,0.0
2024-09-25,513,17,Wednesday,September,29.26819,46.30489,17.0367,10.163,9.821399999999999,34.7633,2.6855,10.527416666666666,5.03,1.404517453798768,0,0.0
2024-09-26,514,17,Thursday,September,31.9212,49.974,18.0528,10.163,9.821399999999999,34.7633,3.99575,10.51525,5.09,1.4072553045859,0,0.0
2024-09-27,515,17,Friday,September,31.9169,53.62071,21.70382,10.163,9.821399999999999,34.7633,4.2095,10.632083333333334,5.12,1.4099931553730323,0,0.0
2024-09-28,516,17,Saturday,September,32.5534,47.23842,14.68501,10.163,9.821399999999999,34.7633,4.268583333333332,10.608666666666666,5.2,1.4127310061601643,0,0.0
2024-09-29,517,17,Sunday,September,45.41972,48.37904,2.95932,10.163,9.821399999999999,34.7633,5.754833333333332,10.249333333333334,5.2,1.4154688569472964,0,3.0
2024-09-30,518,17,Monday,September,36.49778,60.79365,24.29587,10.163,9.821399999999999,34.7633,5.860833333333332,10.554583333333333,5.2,1.4182067077344285,0,0.0
2024-10-01,519,18,Tuesday,October,58.5084,87.39546,28.88706,10.7175,10.163,36.970099999999995,6.219,10.22875,6.08,1.4209445585215605,0,0.0
2024-10-02,520,18,Wednesday,October,67.20906,99.31765,32.10859,10.7175,10.163,36.970099999999995,7.008,10.267416666666666,6.38,1.4236824093086926,0,0.0
2024-10-03,521,18,Thursday,October,35.1878,71.04215,35.85435,10.7175,10.163,36.970099999999995,5.696916666666664,10.751916666666666,6.52,1.4264202600958247,0,0.0
2024-10-04,522,18,Friday,October,25.9505,56.366,30.4155,10.7175,10.163,36.970099999999995,3.797,10.351416666666665,6.28,1.429158110882957,0,0.0
2024-10-05,523,18,Saturday,October,37.54746,66.62648,29.07901,10.7175,10.163,36.970099999999995,5.434166666666668,10.82825,6.11,1.431895961670089,0,0.0
2024-10-06,524,18,Sunday,October,55.20662,85.68766,30.48104,10.7175,10.163,36.970099999999995,7.058833333333332,10.653666666666666,6.11,1.434633812457221,0,0.0
2024-10-07,525,18,Monday,October,64.71192,106.16291,41.45099,10.7175,10.163,36.970099999999995,4.82075,9.8975,6.11,1.4373716632443532,0,0.0
2024-10-08,526,18,Tuesday,October,41.43124,73.88183,32.45059,10.7175,10.163,36.970099999999995,3.662666666666668,9.819083333333333,6.26,1.4401095140314852,0,0.0
2024-10-09,527,18,Wednesday,October,48.38913,78.46472,30.07559,10.7175,10.163,36.970099999999995,2.798833333333332,10.2145,6.0,1.4428473648186173,0,0.0
2024-10-10,528,18,Thursday,October,39.88845,72.34577,32.45732,10.7175,10.163,36.970099999999995,2.8555,10.227083333333335,5.74,1.4455852156057496,0,0.0
2024-10-11,529,18,Friday,October,28.64458,56.9811,28.33652,10.7175,10.163,36.970099999999995,2.1276666666666677,10.328583333333334,5.64,1.4483230663928817,0,0.0
2024-10-12,530,18,Saturday,October,43.78565,45.3456,1.55995,10.7175,10.163,36.970099999999995,3.315583333333332,10.175583333333334,4.97,1.4510609171800137,0,1.0
2024-10-13,531,18,Sunday,October,50.59885,45.46452,-5.13433,10.7175,10.163,36.970099999999995,4.807,10.467833333333333,4.97,1.4537987679671458,0,8.0
2024-10-14,532,18,Monday,October,36.76282,47.23015,10.46734,10.7175,10.163,36.970099999999995,2.589,10.895,4.97,1.4565366187542779,0,0.0
2024-10-15,533,18,Tuesday,October,36.67129,50.88721,14.21592,10.7175,10.163,36.970099999999995,1.9265833333333322,10.8745,4.96,1.45927446954141,0,0.0
2024-10-16,534,18,Wednesday,October,25.6718,43.95385,18.28205,10.7175,10.163,36.970099999999995,-0.9196666666666679,10.460166666666666,4.97,1.462012320328542,0,0.0
2024-10-17,535,18,Thursday,October,38.23619,48.31936,10.08317,10.7175,10.163,36.970099999999995,-0.60125,10.6215,5.03,1.4647501711156743,0,0.0
2024-10-18,536,18,Friday,October,32.63219,44.63331,12.00112,10.7175,10.163,36.970099999999995,2.211,10.23725,4.76,1.4674880219028064,0,0.0
2024-10-19,537,18,Saturday,October,44.65396,42.86364,-1.79032,10.7175,10.163,36.970099999999995,1.9443333333333321,10.071166666666667,4.28,1.4702258726899384,0,5.0
2024-10-20,538,18,Sunday,October,44.33202,43.93251,-0.39951,10.7175,10.163,36.970099999999995,3.624333333333332,10.55275,4.28,1.4729637234770705,0,6.0
2024-10-21,539,18,Monday,October,35.77674,42.49818,6.72145,10.7175,10.163,36.970099999999995,2.424416666666668,10.330833333333334,4.28,1.4757015742642026,0,0.0
2024-10-22,540,18,Tuesday,October,38.63637,48.6077,9.97133,10.7175,10.163,36.970099999999995,2.678583333333332,10.50925,4.27,1.4784394250513346,0,0.0
2024-10-23,541,18,Wednesday,October,31.42554,46.36082,14.93527,10.7175,10.163,36.970099999999995,2.771083333333332,10.641083333333334,4.62,1.4811772758384667,0,0.0
2024-10-24,542,18,Thursday,October,39.61744,53.06582,13.44838,10.7175,10.163,36.970099999999995,2.0013333333333323,9.873833333333334,5.11,1.483915126625599,0,0.0
2024-10-25,543,18,Friday,October,37.20541,52.12312,14.91772,10.7175,10.163,36.970099999999995,1.2588333333333321,10.931583333333334,4.85,1.486652977412731,0,0.0
2024-10-26,544,18,Saturday,October,35.62418,51.95146,16.32727,10.7175,10.163,36.970099999999995,1.9495833333333321,10.49225,4.92,1.4893908281998631,0,0.0
2024-10-27,545,18,Sunday,October,30.92889,40.11406,9.18517,10.7175,10.163,36.970099999999995,1.849916666666668,8.864,4.92,1.4921286789869952,0,0.0
2024-10-28,546,18,Monday,October,38.21053,39.39495,1.18442,10.7175,10.163,36.970099999999995,-0.18725,8.622583333333335,4.92,1.4948665297741273,0,0.0
2024-10-29,547,18,Tuesday,October,44.20784,45.28388,1.07603,10.7175,10.163,36.970099999999995,0.744,10.139166666666666,5.28,1.4976043805612593,0,0.0
2024-10-30,548,18,Wednesday,October,38.41792,55.14067,16.72275,10.7175,10.163,36.970099999999995,0.06158333333333212,10.386666666666667,5.62,1.5003422313483916,0,0.0
2024-10-31,549,18,Thursday,October,45.6393,43.41118,-2.22812,10.7175,10.163,36.970099999999995,0.068,10.272,5.06,1.5030800821355237,0,5.0
2024-11-01,550,19,Friday,November,35.36688,45.9667,10.59982,10.9055,10.7175,37.6261,4.931583333333332,10.272,4.75,1.5058179329226558,0,0.0
2024-11-02,551,19,Saturday,November,33.45714,35.3635,1.90636,10.9055,10.7175,37.6261,,,3.91,1.5085557837097878,0,2.0
2024-11-03,552,19,Sunday,November,37.66369,36.53263,-1.13106,10.9055,10.7175,37.6261,2.238416666666668,8.459666666666665,3.91,1.51129363449692,0,6.720000000000001
2024-11-04,553,19,Monday,November,32.6058,48.87288,16.26708,10.9055,10.7175,37.6261,2.171583333333332,13.012333333333334,3.91,1.514031485284052,0,0.0
2024-11-05,554,19,Tuesday,November,30.35417,42.14141,11.78724,10.9055,10.7175,37.6261,1.9139166666666678,11.489083333333333,4.12,1.516769336071184,0,0.0
2024-11-06,555,19,Wednesday,November,41.19748,46.43641,5.23893,10.9055,10.7175,37.6261,1.977333333333332,11.785666666666666,4.86,1.5195071868583163,0,1.0
2024-11-07,556,19,Thursday,November,43.74027,55.45369,11.71342,10.9055,10.7175,37.6261,2.784166666666668,13.61275,5.3,1.5222450376454484,0,0.0
2024-11-08,557,19,Friday,November,40.26079,49.06164,8.80085,10.9055,10.7175,37.6261,2.2265833333333322,13.424833333333334,4.6,1.5249828884325805,0,0.0
2024-11-09,558,19,Saturday,November,42.64198,46.75247,4.11049,10.9055,10.7175,37.6261,3.256166666666668,12.496166666666666,3.98,1.5277207392197125,0,7.0
2024-11-10,559,19,Sunday,November,43.6635,47.42596,3.76246,10.9055,10.7175,37.6261,4.119333333333332,11.841,3.98,1.5304585900068446,0,7.0
2024-11-11,560,19,Monday,November,30.90023,39.36135,8.46112,10.9055,10.7175,37.6261,0.5735,11.09875,3.98,1.5331964407939767,0,0.0
2024-11-12,561,19,Tuesday,November,41.32483,48.11102,6.78618,10.9055,10.7175,37.6261,2.641,12.199666666666666,3.96,1.5359342915811087,0,0.0
2024-11-13,562,19,Wednesday,November,44.14076,56.47856,12.3378,10.9055,10.7175,37.6261,1.0433333333333321,13.09475,5.23,1.538672142368241,0,0.0
2024-11-14,563,19,Thursday,November,38.2772,47.00388,8.72668,10.9055,10.7175,37.6261,2.362666666666668,12.508166666666666,5.24,1.541409993155373,0,0.0
2024-11-15,564,19,Friday,November,44.26261,47.33734,3.07474,10.9055,10.7175,37.6261,1.0321666666666678,10.972333333333333,5.25,1.5441478439425051,0,2.0
2024-11-16,565,19,Saturday,November,50.88133,50.52268,-0.35865,10.9055,10.7175,37.6261,3.136916666666668,10.319,4.83,1.5468856947296372,0,5.0
2024-11-17,566,19,Sunday,November,44.83026,45.01931,0.18906,10.9055,10.7175,37.6261,2.775,11.798666666666666,4.83,1.5496235455167693,0,7.0
2024-11-18,567,19,Monday,November,45.9753,42.35402,-3.62129,10.9055,10.7175,37.6261,1.6891666666666678,10.7255,4.83,1.5523613963039014,0,7.0
2024-11-19,568,19,Tuesday,November,53.3014,61.05866,7.75726,10.9055,10.7175,37.6261,2.0034166666666677,10.617583333333334,5.51,1.5550992470910336,0,1.0
2024-11-20,569,19,Wednesday,November,51.86899,53.88232,2.01334,10.9055,10.7175,37.6261,-0.14008333333333212,12.777,5.39,1.5578370978781657,0,6.0
2024-11-21,570,19,Thursday,November,56.05576,61.82578,5.77002,10.9055,10.7175,37.6261,0.31066666666666787,13.113583333333334,5.63,1.5605749486652978,0,4.0
2024-11-22,571,19,Friday,November,46.72033,59.36382,12.64349,10.9055,10.7175,37.6261,-0.5625833333333321,12.167416666666666,6.0,1.5633127994524298,0,0.0
2024-11-23,572,19,Saturday,November,34.40048,46.70994,12.30947,10.9055,10.7175,37.6261,1.9253333333333322,10.361833333333333,5.64,1.566050650239562,0,0.0
2024-11-24,573,19,Sunday,November,46.22728,54.17875,7.95147,10.9055,10.7175,37.6261,2.626666666666668,10.666166666666665,5.64,1.568788501026694,0,0.0
2024-11-25,574,19,Monday,November,23.5524,65.87557,42.32317,10.9055,10.7175,37.6261,-0.37075,7.122166666666667,5.64,1.571526351813826,0,0.0
2024-11-26,575,19,Tuesday,November,11.68828,53.89993,42.21165,10.9055,10.7175,37.6261,0.4350833333333321,6.035916666666667,5.86,1.5742642026009583,0,0.0
2024-11-27,576,19,Wednesday,November,23.02089,58.90078,35.87989,10.9055,10.7175,37.6261,0.7460833333333321,10.323583333333334,5.9,1.5770020533880904,0,0.0
2024-11-28,577,19,Thursday,November,33.48332,50.5746,17.09129,10.9055,10.7175,37.6261,-0.18258333333333213,11.534916666666666,6.24,1.5797399041752225,0,0.0
2024-11-29,578,19,Friday,November,17.66604,52.73393,35.06789,10.9055,10.7175,37.6261,1.053,7.0265,6.4,1.5824777549623545,0,0.0
2024-11-30,579,19,Saturday,November,25.86225,57.81497,31.95271,10.9055,10.7175,37.6261,0.863,10.221083333333334,6.4,1.5852156057494866,0,0.0
2024-12-01,580,20,Sunday,December,36.09636,62.22556,26.12921,11.149299999999998,10.9055,38.481199999999994,1.3525833333333321,11.41875,6.4,1.5879534565366187,0,0.0
2024-12-02,581,20,Monday,December,32.70221,66.72895,34.02674,11.149299999999998,10.9055,38.481199999999994,1.38225,11.319666666666667,6.4,1.5906913073237507,0,0.0
2024-12-03,582,20,Tuesday,December,25.75938,62.74133,36.98196,11.149299999999998,10.9055,38.481199999999994,0.5098333333333321,10.881916666666665,6.53,1.593429158110883,0,0.0
2024-12-04,583,20,Wednesday,December,29.07128,56.91028,27.839,11.149299999999998,10.9055,38.481199999999994,0.9466666666666679,12.098416666666665,6.4,1.596167008898015,0,0.0
2024-12-05,584,20,Thursday,December,29.15118,55.06687,25.91569,11.149299999999998,10.9055,38.481199999999994,0.5653333333333321,11.941416666666665,6.36,1.5989048596851472,0,0.0
2024-12-06,585,20,Friday,December,33.93074,56.43962,22.50887,11.149299999999998,10.9055,38.481199999999994,0.8696666666666679,12.004166666666666,6.24,1.6016427104722792,0,0.0
2024-12-07,586,20,Saturday,December,33.91449,48.60666,14.69217,11.149299999999998,10.9055,38.481199999999994,1.07575,12.148416666666666,6.12,1.6043805612594113,0,0.0
2024-12-08,587,20,Sunday,December,24.86972,47.023,22.15328,11.149299999999998,10.9055,38.481199999999994,2.604166666666668,9.52525,6.12,1.6071184120465434,0,0.0
2024-12-09,588,20,Monday,December,32.587,55.09504,22.50803,11.149299999999998,10.9055,38.481199999999994,0.5178333333333321,10.98375,6.12,1.6098562628336757,0,0.0
2024-12-10,589,20,Tuesday,December,40.40683,60.63219,20.22537,11.149299999999998,10.9055,38.481199999999994,0.8809166666666679,11.337916666666667,6.35,1.6125941136208077,0,0.0
2024-12-11,590,20,Wednesday,December,24.21917,60.32893,36.10976,11.149299999999998,10.9055,38.481199999999994,0.50375,8.352583333333333,6.29,1.6153319644079398,0,0.0
2024-12-12,591,20,Thursday,December,22.14336,52.39482,30.25146,11.149299999999998,10.9055,38.481199999999994,0.19791666666666788,9.37375,6.47,1.6180698151950719,0,0.0
2024-12-13,592,20,Friday,December,31.17857,54.17445,22.99588,11.149299999999998,10.9055,38.481199999999994,-0.42366666666666786,10.856333333333334,6.53,1.620807665982204,0,0.0
2024-12-14,593,20,Saturday,December,20.23788,47.3112,27.07332,11.149299999999998,10.9055,38.481199999999994,1.1400833333333322,8.944666666666667,6.34,1.623545516769336,0,0.0
2024-12-15,594,20,Sunday,December,47.91267,50.53958,2.62691,11.149299999999998,10.9055,38.481199999999994,2.54675,11.316083333333333,6.34,1.626283367556468,0,4.0
2024-12-16,595,20,Monday,December,16.95815,55.1302,38.17205,11.149299999999998,10.9055,38.481199999999994,0.5200833333333321,9.345166666666666,6.34,1.6290212183436004,0,0.0
2024-12-17,596,20,Tuesday,December,26.1206,51.43646,25.31587,11.149299999999998,10.9055,38.481199999999994,0.6315,9.561,6.3,1.6317590691307324,0,0.0
2024-12-18,597,20,Wednesday,December,20.10795,49.54231,29.43436,11.149299999999998,10.9055,38.481199999999994,-0.33741666666666786,10.062833333333334,6.25,1.6344969199178645,0,0.0
2024-12-19,598,20,Thursday,December,15.51229,53.26122,37.74893,11.149299999999998,10.9055,38.481199999999994,1.23825,9.65925,6.36,1.6372347707049966,0,0.0
2024-12-20,599,20,Friday,December,18.29569,48.25067,29.95498,11.149299999999998,10.9055,38.481199999999994,-0.44433333333333214,10.60325,6.27,1.6399726214921286,0,0.0
2024-12-21,600,20,Saturday,December,22.3264,44.76861,22.44222,11.149299999999998,10.9055,38.481199999999994,-0.2106666666666679,10.499333333333334,6.15,1.6427104722792607,0,0.0
2024-12-22,601,20,Sunday,December,24.12283,44.26766,20.14483,11.149299999999998,10.9055,38.481199999999994,2.0971666666666677,6.83225,6.15,1.6454483230663928,0,0.0
2024-12-23,602,20,Monday,December,19.29172,50.41708,31.12536,11.149299999999998,10.9055,38.481199999999994,0.1973333333333321,10.267166666666666,6.15,1.648186173853525,0,0.0
2024-12-24,603,20,Tuesday,December,11.38997,42.64811,31.25814,11.149299999999998,10.9055,38.481199999999994,-0.9786666666666679,6.203916666666667,5.93,1.6509240246406571,0,0.0
2024-12-25,604,20,Wednesday,December,31.14866,41.45878,10.31012,11.149299999999998,10.9055,38.481199999999994,0.1235,9.659,6.0,1.6536618754277892,0,0.0
2024-12-26,605,20,Thursday,December,19.46775,45.55925,26.0915,11.149299999999998,10.9055,38.481199999999994,0.17225,9.13825,6.0,1.6563997262149213,0,0.0
2024-12-27,606,20,Friday,December,11.22096,38.83786,27.6169,11.149299999999998,10.9055,38.481199999999994,-0.68225,8.842,5.61,1.6591375770020533,0,0.0
2024-12-28,607,20,Saturday,December,13.56113,36.86974,23.30861,11.149299999999998,10.9055,38.481199999999994,-0.6374166666666679,9.006666666666666,5.38,1.6618754277891854,0,0.0
2024-12-29,608,20,Sunday,December,32.82742,35.58845,2.76103,11.149299999999998,10.9055,38.481199999999994,0.42008333333333214,10.503,5.38,1.6646132785763177,0,1.0
2024-12-30,609,20,Monday,December,20.91736,44.01918,23.10182,11.149299999999998,10.9055,38.481199999999994,1.52575,11.688416666666667,5.38,1.6673511293634498,0,0.0
2024-12-31,610,20,Tuesday,December,19.33267,52.09118,32.75851,11.149299999999998,10.9055,38.481199999999994,-0.26633333333333215,11.6265,6.26,1.6700889801505818,0,0.0
2025-01-01,611,21,Wednesday,January,22.78811,45.60162,22.81351,11.626700000000001,11.149299999999998,39.9379,0.93975,11.408416666666666,6.25,1.672826830937714,0,0.0
2025-01-02,612,21,Thursday,January,18.55449,46.16455,27.61006,11.626700000000001,11.149299999999998,39.9379,0.0225,12.340916666666667,6.25,1.675564681724846,0,0.0
2025-01-03,613,21,Friday,January,7.35987,43.67937,36.3195,11.626700000000001,11.149299999999998,39.9379,-0.15058333333333213,8.166166666666665,6.43,1.678302532511978,0,0.0
2025-01-04,614,21,Saturday,January,34.34638,44.66349,10.31711,11.626700000000001,11.149299999999998,39.9379,1.1161666666666679,11.137833333333335,6.45,1.68104038329911,0,0.0
2025-01-05,615,21,Sunday,January,39.45833,46.10364,6.64531,11.626700000000001,11.149299999999998,39.9379,1.5221666666666678,11.985833333333334,6.45,1.6837782340862424,0,0.0
2025-01-06,616,21,Monday,January,29.71805,42.74556,13.02751,11.626700000000001,11.149299999999998,39.9379,0.81675,12.082916666666666,6.45,1.6865160848733745,0,0.0
2025-01-07,617,21,Tuesday,January,37.23548,50.20802,12.97254,11.626700000000001,11.149299999999998,39.9379,1.3233333333333321,10.154833333333334,7.32,1.6892539356605065,0,0.0
2025-01-08,618,21,Wednesday,January,31.57432,51.20645,19.63214,11.626700000000001,11.149299999999998,39.9379,1.2516666666666678,10.616166666666667,6.67,1.6919917864476386,0,0.0
2025-01-09,619,21,Thursday,January,28.65755,49.20405,20.5465,11.626700000000001,11.149299999999998,39.9379,1.7383333333333322,12.40775,6.3,1.6947296372347707,0,0.0
2025-01-10,620,21,Friday,January,30.58079,41.56891,10.98813,11.626700000000001,11.149299999999998,39.9379,1.123083333333332,12.16325,6.27,1.6974674880219027,0,0.0
2025-01-11,621,21,Saturday,January,47.20713,47.69137,0.48424,11.626700000000001,11.149299999999998,39.9379,1.1339166666666678,11.334416666666666,6.62,1.700205338809035,0,6.0
2025-01-12,622,21,Sunday,January,55.5832,55.3017,-0.28151,11.626700000000001,11.149299999999998,39.9379,2.812833333333332,12.60525,6.62,1.702943189596167,0,6.0
2025-01-13,623,21,Monday,January,54.67399,57.49756,2.82357,11.626700000000001,11.149299999999998,39.9379,1.54375,12.979833333333334,6.62,1.7056810403832992,0,2.0
2025-01-14,624,21,Tuesday,January,53.36589,63.69352,10.32763,11.626700000000001,11.149299999999998,39.9379,0.7446666666666679,12.806416666666665,7.33,1.7084188911704312,0,0.0
2025-01-15,625,21,Wednesday,January,56.61876,62.53583,5.91708,11.626700000000001,11.149299999999998,39.9379,1.412333333333332,12.32175,7.28,1.7111567419575633,0,1.0
2025-01-16,626,21,Thursday,January,45.53326,54.76105,9.22779,11.626700000000001,11.149299999999998,39.9379,1.6461666666666679,11.767916666666666,7.19,1.7138945927446954,0,0.0
2025-01-17,627,21,Friday,January,60.12632,53.67443,-6.45189,11.626700000000001,11.149299999999998,39.9379,0.2285,10.763916666666667,7.05,1.7166324435318274,0,7.0
2025-01-18,628,21,Saturday,January,68.67393,76.34988,7.67594,11.626700000000001,11.149299999999998,39.9379,2.113083333333332,12.717916666666666,9.86,1.7193702943189597,0,1.0
2025-01-19,629,21,Sunday,January,70.8992,70.14358,-0.75562,11.626700000000001,11.149299999999998,39.9379,1.871583333333332,13.151166666666667,9.86,1.7221081451060918,0,5.0
2025-01-20,630,21,Monday,January,61.57128,75.98444,14.41315,11.626700000000001,11.149299999999998,39.9379,2.02275,13.050833333333333,9.86,1.7248459958932238,0,0.0
2025-01-21,631,21,Tuesday,January,51.1865,79.06863,27.88214,11.626700000000001,11.149299999999998,39.9379,1.2669166666666678,12.95625,9.9,1.727583846680356,0,0.0
2025-01-22,632,21,Wednesday,January,38.02292,57.45995,19.43703,11.626700000000001,11.149299999999998,39.9379,0.9290833333333322,12.4145,6.75,1.730321697467488,0,0.0
2025-01-23,633,21,Thursday,January,47.24185,59.62675,12.38491,11.626700000000001,11.149299999999998,39.9379,1.53325,12.614,6.55,1.73305954825462,0,0.0
2025-01-24,634,21,Friday,January,39.10049,56.07102,16.97053,11.626700000000001,11.149299999999998,39.9379,1.0914166666666678,13.068416666666666,6.88,1.7357973990417521,0,0.0
2025-01-25,635,21,Saturday,January,30.32647,50.85442,20.52795,11.626700000000001,11.149299999999998,39.9379,2.9740833333333323,7.282166666666667,6.77,1.7385352498288844,0,0.0
2025-01-26,636,21,Sunday,January,24.86194,59.50451,34.64257,11.626700000000001,11.149299999999998,39.9379,2.676,6.668416666666667,6.77,1.7412731006160165,0,0.0
2025-01-27,637,21,Monday,January,26.0781,63.15555,37.07745,11.626700000000001,11.149299999999998,39.9379,1.57725,10.178083333333333,6.77,1.7440109514031485,0,0.0
2025-01-28,638,21,Tuesday,January,39.83873,60.89979,21.06105,11.626700000000001,11.149299999999998,39.9379,3.227416666666668,11.934416666666666,6.68,1.7467488021902806,0,0.0
2025-01-29,639,21,Wednesday,January,45.89948,55.61184,9.71236,11.626700000000001,11.149299999999998,39.9379,1.6325833333333322,11.812666666666667,6.39,1.7494866529774127,0,0.0
2025-01-30,640,21,Thursday,January,52.7775,55.71519,2.9377,11.626700000000001,11.149299999999998,39.9379,1.039833333333332,12.37475,6.33,1.7522245037645447,0,2.0
2025-01-31,641,21,Friday,January,36.1467,47.05915,10.91245,11.626700000000001,11.149299999999998,39.9379,-0.4590833333333321,10.564,6.25,1.754962354551677,0,0.0
2025-02-01,642,22,Saturday,February,45.41592,45.49159,0.07567,11.6295,11.626700000000001,39.9447,0.42016666666666785,9.969416666666666,5.92,1.757700205338809,0,3.0
2025-02-02,643,22,Sunday,February,50.98923,46.11897,-4.87026,11.6295,11.626700000000001,39.9447,1.766583333333332,9.042416666666666,5.92,1.7604380561259412,0,7.0
2025-02-03,644,22,Monday,February,38.06355,50.73148,12.66794,11.6295,11.626700000000001,39.9447,1.04525,10.117833333333333,5.92,1.7631759069130732,0,0.0
2025-02-04,645,22,Tuesday,February,53.83829,54.98707,1.14878,11.6295,11.626700000000001,39.9447,-0.3996666666666679,10.973333333333334,6.16,1.7659137577002053,0,4.0
2025-02-05,646,22,Wednesday,February,49.93964,50.71021,0.77057,11.6295,11.626700000000001,39.9447,1.19,10.078416666666666,6.24,1.7686516084873374,0,2.0
2025-02-06,647,22,Thursday,February,57.50792,52.97235,-4.53558,11.6295,11.626700000000001,39.9447,-1.39075,9.898833333333334,6.25,1.7713894592744694,0,6.0
2025-02-07,648,22,Friday,February,50.21042,47.03364,-3.17679,11.6295,11.626700000000001,39.9447,-0.361,11.038,6.19,1.7741273100616017,0,5.0
2025-02-08,649,22,Saturday,February,67.08618,47.33361,-19.75257,11.6295,11.626700000000001,39.9447,2.721583333333332,9.611666666666666,6.28,1.7768651608487338,0,8.0
2025-02-09,650,22,Sunday,February,62.27256,55.58319,-6.68937,11.6295,11.626700000000001,39.9447,3.069,10.644916666666665,6.28,1.7796030116358659,0,6.0
2025-02-10,651,22,Monday,February,57.10638,49.93827,-7.16812,11.6295,11.626700000000001,39.9447,2.008666666666668,11.61575,6.28,1.782340862422998,0,7.0
2025-02-11,652,22,Tuesday,February,63.10368,50.90292,-12.20076,11.6295,11.626700000000001,39.9447,1.5483333333333322,12.304416666666667,6.37,1.78507871321013,0,7.0
2025-02-12,653,22,Wednesday,February,23.08815,65.58988,42.50173,11.6295,11.626700000000001,39.9447,0.339,8.448583333333334,6.58,1.787816563997262,0,0.0
2025-02-13,654,22,Thursday,February,14.35592,58.33337,43.97744,11.6295,11.626700000000001,39.9447,-0.10483333333333213,3.3414166666666665,6.65,1.7905544147843941,0,0.0
2025-02-14,655,22,Friday,February,43.98244,49.64903,5.66659,11.6295,11.626700000000001,39.9447,0.6569166666666679,10.368166666666665,6.76,1.7932922655715264,0,0.0
2025-02-15,656,22,Saturday,February,60.08188,56.30217,-3.77971,11.6295,11.626700000000001,39.9447,2.86925,10.775,7.08,1.7960301163586585,1,6.0
2025-02-16,657,22,Sunday,February,58.26214,54.27226,-3.98988,11.6295,11.626700000000001,39.9447,2.433166666666668,11.379833333333334,7.08,1.7987679671457906,1,6.0
2025-02-17,658,22,Monday,February,63.09912,53.93736,-9.16175,11.6295,11.626700000000001,39.9447,2.0755,11.150083333333335,7.08,1.8015058179329226,1,7.0
2025-02-18,659,22,Tuesday,February,68.46788,62.79143,-5.67645,11.6295,11.626700000000001,39.9447,2.130083333333332,11.30925,7.08,1.8042436687200547,1,7.0
2025-02-19,660,22,Wednesday,February,61.69643,55.9284,-5.76803,11.6295,11.626700000000001,39.9447,0.897,12.0045,6.93,1.8069815195071868,1,6.0
2025-02-20,661,22,Thursday,February,67.78843,63.67871,-4.10972,11.6295,11.626700000000001,39.9447,1.330333333333332,11.646083333333333,7.24,1.809719370294319,1,6.0
2025-02-21,662,22,Friday,February,64.70077,55.87802,-8.82275,11.6295,11.626700000000001,39.9447,1.1851666666666678,12.515333333333334,7.02,1.8124572210814511,1,7.0
2025-02-22,663,22,Saturday,February,70.55583,49.18348,-21.37235,11.6295,11.626700000000001,39.9447,3.2215,9.594333333333333,6.78,1.8151950718685832,1,8.0
2025-02-23,664,22,Sunday,February,69.77915,39.99021,-29.78895,11.6295,11.626700000000001,39.9447,3.188583333333332,8.544416666666667,6.78,1.8179329226557153,1,9.0
2025-02-24,665,22,Monday,February,64.22444,44.72057,-19.50387,11.6295,11.626700000000001,39.9447,1.4685,9.938916666666666,6.78,1.8206707734428473,1,8.0
2025-02-25,666,22,Tuesday,February,58.07478,42.20343,-15.87135,11.6295,11.626700000000001,39.9447,1.45475,10.0215,6.41,1.8234086242299794,1,8.0
2025-02-26,667,22,Wednesday,February,62.81685,53.18566,-9.6312,11.6295,11.626700000000001,39.9447,3.307333333333332,11.067,6.64,1.8261464750171115,1,8.0
2025-02-27,668,22,Thursday,February,61.13,54.73618,-6.39382,11.6295,11.626700000000001,39.9447,1.5160833333333321,11.486666666666666,6.74,1.8288843258042438,1,7.0
2025-02-28,669,22,Friday,February,55.28866,50.54191,-4.74675,11.6295,11.626700000000001,39.9447,1.970583333333332,11.021416666666665,6.79,1.8316221765913758,1,7.0
2025-03-01,670,23,Saturday,March,55.68912,44.10408,-11.58504,11.8935,11.6295,40.8827,1.5476666666666679,11.272833333333335,6.24,1.834360027378508,1,7.0
2025-03-02,671,23,Sunday,March,55.95828,45.12422,-10.83405,11.8935,11.6295,40.8827,1.5820833333333322,8.896,6.24,1.83709787816564,1,7.0
2025-03-03,672,23,Monday,March,55.58703,47.23021,-8.35682,11.8935,11.6295,40.8827,2.12275,11.598833333333333,6.24,1.839835728952772,1,7.0
2025-03-04,673,23,Tuesday,March,63.9139,54.89526,-9.01863,11.8935,11.6295,40.8827,1.595583333333332,11.0475,6.31,1.842573579739904,1,8.0
2025-03-05,674,23,Wednesday,March,20.02529,62.04994,42.02465,11.8935,11.6295,40.8827,0.46958333333333213,5.636166666666667,6.7,1.8453114305270362,1,0.0
2025-03-06,675,23,Thursday,March,59.00323,63.6128,4.60957,11.8935,11.6295,40.8827,1.321833333333332,10.860666666666667,6.83,1.8480492813141685,1,0.0
2025-03-07,676,23,Friday,March,65.85786,55.85356,-10.0043,11.8935,11.6295,40.8827,1.65275,11.238083333333334,6.78,1.8507871321013005,1,7.0
2025-03-08,677,23,Saturday,March,76.27748,57.41193,-18.86556,11.8935,11.6295,40.8827,8.745916666666666,11.238083333333334,6.4,1.8535249828884326,1,8.0
2025-03-09,678,23,Sunday,March,63.52885,42.53871,-20.99015,11.8935,11.6295,40.8827,4.465166666666668,8.063833333333333,6.4,1.8562628336755647,1,8.347826086956522
2025-03-10,679,23,Monday,March,65.03122,53.78097,-11.25024,11.8935,11.6295,40.8827,0.39641666666666786,8.062666666666667,6.4,1.8590006844626967,1,8.0
2025-03-11,680,23,Tuesday,March,33.94955,63.25378,29.30423,11.8935,11.6295,40.8827,1.156166666666668,4.891916666666666,6.79,1.8617385352498288,1,0.0
2025-03-12,681,23,Wednesday,March,41.15802,56.64974,15.49173,11.8935,11.6295,40.8827,-0.4045,7.22425,6.83,1.864476386036961,1,0.0
2025-03-13,682,23,Thursday,March,39.51713,50.19654,10.67941,11.8935,11.6295,40.8827,-0.6205,4.039,6.49,1.8672142368240932,1,0.0
2025-03-14,683,23,Friday,March,17.53897,53.5921,36.05314,11.8935,11.6295,40.8827,-1.67625,4.322666666666667,6.51,1.8699520876112252,1,0.0
2025-03-15,684,23,Saturday,March,70.38969,32.87416,-37.51553,11.8935,11.6295,40.8827,-0.36066666666666786,6.635583333333334,6.36,1.8726899383983573,1,10.0
2025-03-16,685,23,Sunday,March,67.21406,41.58882,-25.62524,11.8935,11.6295,40.8827,1.1125,6.75775,6.36,1.8754277891854894,1,8.0
2025-03-17,686,23,Monday,March,46.1074,40.99923,-5.10817,11.8935,11.6295,40.8827,0.006833333333332121,5.4235,6.36,1.8781656399726214,1,6.0
2025-03-18,687,23,Tuesday,March,68.65359,33.27096,-35.38264,11.8935,11.6295,40.8827,0.46191666666666786,5.499583333333334,6.33,1.8809034907597535,1,9.0
2025-03-19,688,23,Wednesday,March,73.67378,46.0602,-27.61358,11.8935,11.6295,40.8827,0.4910833333333321,7.05975,6.37,1.8836413415468858,1,8.0
2025-03-20,689,23,Thursday,March,62.60058,31.84116,-30.75942,11.8935,11.6295,40.8827,0.43166666666666786,6.183333333333334,6.43,1.8863791923340179,1,9.0
2025-03-21,690,23,Friday,March,51.88827,27.58954,-24.29873,11.8935,11.6295,40.8827,0.507,6.419583333333334,6.25,1.88911704312115,1,9.0
2025-03-22,691,23,Saturday,March,56.59646,23.75697,-32.83949,11.8935,11.6295,40.8827,1.53475,5.879333333333334,5.69,1.891854893908282,1,10.0
2025-03-23,692,23,Sunday,March,68.90761,34.89068,-34.01692,11.8935,11.6295,40.8827,3.355416666666668,5.818416666666666,5.69,1.894592744695414,1,10.0
2025-03-24,693,23,Monday,March,59.45536,47.19871,-12.25665,11.8935,11.6295,40.8827,3.766416666666668,6.669333333333334,5.69,1.8973305954825461,1,8.0
2025-03-25,694,23,Tuesday,March,52.73468,46.16287,-6.57181,11.8935,11.6295,40.8827,3.49275,8.575916666666666,5.39,1.9000684462696784,1,7.0
2025-03-26,695,23,Wednesday,March,32.91092,22.67904,-10.23187,11.8935,11.6295,40.8827,1.077,7.993416666666666,5.25,1.9028062970568105,1,9.0
2025-03-27,696,23,Thursday,March,34.82127,17.04391,-17.77736,11.8935,11.6295,40.8827,-1.3389166666666679,8.000666666666666,5.0,1.9055441478439425,1,9.0
2025-03-28,697,23,Friday,March,30.19949,13.34947,-16.85001,11.8935,11.6295,40.8827,0.2591666666666679,6.781333333333334,4.77,1.9082819986310746,1,9.0
2025-03-29,698,23,Saturday,March,45.46744,9.29331,-36.17413,11.8935,11.6295,40.8827,1.75775,5.75025,4.87,1.9110198494182067,1,10.0
2025-03-30,699,23,Sunday,March,44.91844,14.15459,-30.76385,11.8935,11.6295,40.8827,-0.5238333333333322,5.980583333333334,4.87,1.9137577002053388,1,10.0
2025-03-31,700,23,Monday,March,27.68817,23.25252,-4.43564,11.8935,11.6295,40.8827,-0.9199166666666678,8.948416666666667,4.87,1.9164955509924708,1,6.0
2025-04-01,701,24,Tuesday,April,28.40862,18.16788,-10.24074,11.993,11.8935,40.9898,-0.19675,4.744,5.51,1.919233401779603,1,9.0
2025-04-02,702,24,Wednesday,April,40.97901,27.77767,-13.20134,11.993,11.8935,40.9898,-0.21125,6.509833333333334,5.63,1.9219712525667352,1,8.0
2025-04-03,703,24,Thursday,April,39.54206,29.81061,-9.73145,11.993,11.8935,40.9898,0.9045,8.017416666666666,6.32,1.9247091033538672,1,8.0
2025-04-04,704,24,Friday,April,41.4636,31.44419,-10.01941,11.993,11.8935,40.9898,0.57075,7.933916666666666,6.3,1.9274469541409993,1,9.0
2025-04-05,705,24,Saturday,April,51.47553,27.59587,-23.87966,11.993,11.8935,40.9898,2.305583333333332,4.646416666666666,5.92,1.9301848049281314,1,10.0
2025-04-06,706,24,Sunday,April,48.3069,27.41365,-20.89325,11.993,11.8935,40.9898,2.49075,5.90725,5.92,1.9329226557152634,1,10.0
2025-04-07,707,24,Monday,April,42.09851,28.1253,-13.97321,11.993,11.8935,40.9898,0.6959166666666678,9.348416666666665,5.92,1.9356605065023955,1,10.0
2025-04-08,708,24,Tuesday,April,42.72742,28.5607,-14.16673,11.993,11.8935,40.9898,1.3925,6.888416666666666,5.81,1.9383983572895278,1,10.0
2025-04-09,709,24,Wednesday,April,49.33281,39.16289,-10.16992,11.993,11.8935,40.9898,2.075,8.05425,5.5,1.9411362080766599,1,9.0
2025-04-10,710,24,Thursday,April,41.70665,36.24424,-5.4624,11.993,11.8935,40.9898,3.1644166666666678,8.620583333333334,5.3,1.943874058863792,1,9.0
2025-04-11,711,24,Friday,April,35.70012,32.29955,-3.40057,11.993,11.8935,40.9898,1.408,9.127833333333331,5.53,1.946611909650924,1,9.0
2025-04-12,712,24,Saturday,April,37.56174,25.18011,-12.38163,11.993,11.8935,40.9898,1.4983333333333322,6.201333333333334,5.17,1.949349760438056,1,10.0
2025-04-13,713,24,Sunday,April,42.06306,31.38799,-10.67507,11.993,11.8935,40.9898,2.175583333333332,6.839916666666666,5.17,1.9520876112251881,1,9.0
2025-04-14,714,24,Monday,April,37.9476,43.70799,5.76039,11.993,11.8935,40.9898,0.4481666666666679,8.346166666666665,5.17,1.9548254620123204,1,0.0
2025-04-15,715,24,Tuesday,April,33.89655,37.92254,4.02598,11.993,11.8935,40.9898,-0.48675,10.3745,5.83,1.9575633127994525,1,0.0
2025-04-16,716,24,Wednesday,April,29.90161,27.12132,-2.78029,11.993,11.8935,40.9898,-2.0765833333333323,9.8425,5.57,1.9603011635865846,1,6.0
2025-04-17,717,24,Thursday,April,25.22768,23.52702,-1.70066,11.993,11.8935,40.9898,-2.857416666666668,8.487333333333334,5.53,1.9630390143737166,1,7.0
2025-04-18,718,24,Friday,April,30.01306,23.42224,-6.59081,11.993,11.8935,40.9898,-1.220166666666668,8.549333333333333,5.07,1.9657768651608487,1,9.0
2025-04-19,719,24,Saturday,April,39.0607,17.57345,-21.48725,11.993,11.8935,40.9898,1.79,5.228666666666666,5.06,1.9685147159479808,1,10.0
2025-04-20,720,24,Sunday,April,46.26881,22.71467,-23.55415,11.993,11.8935,40.9898,2.55225,4.834833333333334,5.06,1.9712525667351128,1,10.0
2025-04-21,721,24,Monday,April,39.66289,32.99947,-6.66342,11.993,11.8935,40.9898,1.9783333333333322,8.548,5.06,1.9739904175222451,1,9.0
2025-04-22,722,24,Tuesday,April,44.87286,35.82711,-9.04575,11.993,11.8935,40.9898,2.71225,8.196333333333332,5.15,1.9767282683093772,1,9.0
2025-04-23,723,24,Wednesday,April,45.00895,32.32928,-12.67967,11.993,11.8935,40.9898,-0.105,8.773833333333332,5.12,1.9794661190965093,1,10.0
2025-04-24,724,24,Thursday,April,40.55648,34.96198,-5.5945,11.993,11.8935,40.9898,0.26333333333333214,9.949333333333332,5.15,1.9822039698836413,1,9.0
2025-04-25,725,24,Friday,April,35.27552,29.62236,-5.65316,11.993,11.8935,40.9898,-2.426583333333332,8.968583333333333,5.3,1.9849418206707734,1,9.0
2025-04-26,726,24,Saturday,April,31.5517,29.25754,-2.29416,11.993,11.8935,40.9898,-1.0973333333333322,7.04825,5.29,1.9876796714579055,1,6.0
2025-04-27,727,24,Sunday,April,45.86118,20.89739,-24.96378,11.993,11.8935,40.9898,0.3161666666666679,6.52675,5.29,1.9904175222450375,1,11.0
2025-04-28,728,24,Monday,April,35.74432,29.43905,-6.30527,11.993,11.8935,40.9898,-0.06441666666666788,7.925,5.29,1.9931553730321698,1,10.0
2025-04-29,729,24,Tuesday,April,37.90796,28.16523,-9.74273,11.993,11.8935,40.9898,1.115,7.4656666666666665,5.23,1.995893223819302,1,10.0
2025-04-30,730,24,Wednesday,April,33.5228,35.48234,1.95954,11.993,11.8935,40.9898,1.2336666666666678,7.958,5.36,1.998631074606434,1,0.0
2025-05-01,731,25,Thursday,May,31.81213,38.39383,6.5817,12.507700000000002,11.993,42.92,0.3750833333333321,10.229916666666668,5.13,2.001368925393566,1,0.0
2025-05-02,732,25,Friday,May,31.35208,32.01987,0.66779,12.507700000000002,11.993,42.92,-0.02666666666666788,9.063166666666667,5.22,2.004106776180698,1,2.0
2025-05-03,733,25,Saturday,May,30.63278,26.61914,-4.01364,12.507700000000002,11.993,42.92,-0.9184166666666679,7.9765,5.06,2.00684462696783,1,9.0
2025-05-04,734,25,Sunday,May,32.94574,26.39765,-6.54809,12.507700000000002,11.993,42.92,1.66725,7.617083333333334,5.06,2.0095824777549622,1,8.0
2025-05-05,735,25,Monday,May,20.55147,38.3268,17.77533,12.507700000000002,11.993,42.92,0.4835,7.700916666666666,5.06,2.0123203285420943,1,0.0
2025-05-06,736,25,Tuesday,May,29.94664,36.12929,6.18264,12.507700000000002,11.993,42.92,1.2670833333333322,9.32875,5.48,2.0150581793292264,1,0.0
2025-05-07,737,25,Wednesday,May,31.57797,38.69424,7.11627,12.507700000000002,11.993,42.92,0.84475,7.950416666666668,6.18,2.0177960301163584,1,0.0
2025-05-08,738,25,Thursday,May,40.19961,51.95979,11.76018,12.507700000000002,11.993,42.92,3.5386666666666677,8.024166666666668,6.24,2.020533880903491,1,0.0
2025-05-09,739,25,Friday,May,46.82687,62.30898,15.48211,12.507700000000002,11.993,42.92,4.299333333333332,8.108,6.23,2.023271731690623,1,0.0
2025-05-10,740,25,Saturday,May,46.56458,62.93656,16.37198,12.507700000000002,11.993,42.92,5.704416666666668,8.361583333333332,6.05,2.026009582477755,1,0.0
2025-05-11,741,25,Sunday,May,42.59053,45.77806,3.18753,12.507700000000002,11.993,42.92,4.48,8.174333333333331,6.05,2.028747433264887,1,0.0
2025-05-12,742,25,Monday,May,30.09712,42.23671,12.13958,12.507700000000002,11.993,42.92,-1.2495,9.329333333333334,6.05,2.0314852840520192,1,0.0
2025-05-13,743,25,Tuesday,May,34.05726,24.53416,-9.5231,12.507700000000002,11.993,42.92,-0.2841666666666679,6.5125,5.94,2.0342231348391513,1,10.0
2025-05-14,744,25,Wednesday,May,32.81924,22.58414,-10.2351,12.507700000000002,11.993,42.92,1.9965,6.1415,5.65,2.0369609856262834,1,10.0
2025-05-15,745,25,Thursday,May,35.03962,26.16807,-8.87155,12.507700000000002,11.993,42.92,2.0499166666666677,6.449,5.17,2.0396988364134154,1,10.0
2025-05-16,746,25,Friday,May,30.39543,25.8162,-4.57923,12.507700000000002,11.993,42.92,1.158416666666668,9.135416666666668,4.91,2.0424366872005475,1,9.0
2025-05-17,747,25,Saturday,May,24.45131,12.37264,-12.07868,12.507700000000002,11.993,42.92,0.67525,6.264416666666666,4.74,2.0451745379876796,1,11.0
2025-05-18,748,25,Sunday,May,37.32321,12.38925,-24.93396,12.507700000000002,11.993,42.92,2.102,3.61475,4.74,2.0479123887748116,1,11.0
2025-05-19,749,25,Monday,May,34.11662,25.00605,-9.11057,12.507700000000002,11.993,42.92,2.9565833333333322,6.682416666666668,4.74,2.0506502395619437,1,11.0
2025-05-20,750,25,Tuesday,May,37.49412,33.5264,-3.96772,12.507700000000002,11.993,42.92,3.29625,7.412916666666668,5.17,2.0533880903490758,1,10.0
2025-05-21,751,25,Wednesday,May,40.96578,45.69971,4.73393,12.507700000000002,11.993,42.92,4.120833333333332,7.877916666666668,5.31,2.0561259411362083,1,0.0
2025-05-22,752,25,Thursday,May,40.70949,37.2936,-3.41588,12.507700000000002,11.993,42.92,2.73525,8.141166666666669,5.48,2.0588637919233403,1,8.0
2025-05-23,753,25,Friday,May,35.29852,30.76552,-4.533,12.507700000000002,11.993,42.92,1.6845,7.85975,5.52,2.0616016427104724,1,9.0
2025-05-24,754,25,Saturday,May,36.8456,18.30548,-18.54012,12.507700000000002,11.993,42.92,2.0205,5.1135,5.02,2.0643394934976045,1,11.0
2025-05-25,755,25,Sunday,May,31.34045,14.25813,-17.08232,12.507700000000002,11.993,42.92,3.0985,5.03275,5.02,2.0670773442847366,1,11.0
2025-05-26,756,25,Monday,May,40.90247,20.09951,-20.80296,12.507700000000002,11.993,42.92,2.865916666666668,5.4615,5.02,2.0698151950718686,1,11.0
2025-05-27,757,25,Tuesday,May,39.18315,36.73799,-2.44516,12.507700000000002,11.993,42.92,3.532666666666668,7.271583333333332,5.03,2.0725530458590007,1,9.0
2025-05-28,758,25,Wednesday,May,30.11447,41.53778,11.4233,12.507700000000002,11.993,42.92,1.0124166666666679,8.2165,5.88,2.0752908966461328,1,0.0
2025-05-29,759,25,Thursday,May,34.35283,46.91383,12.56101,12.507700000000002,11.993,42.92,2.944083333333332,8.139416666666667,6.26,2.078028747433265,1,0.0
2025-05-30,760,25,Friday,May,44.76859,63.20453,18.43595,12.507700000000002,11.993,42.92,6.290833333333332,7.775833333333332,5.96,2.080766598220397,1,0.0
2025-05-31,761,25,Saturday,May,28.64659,55.56229,26.9157,12.507700000000002,11.993,42.92,4.583833333333332,8.721833333333334,5.69,2.083504449007529,1,0.0
2025-06-01,762,26,Sunday,June,18.96372,43.30176,24.33804,13.059700000000001,12.507700000000002,44.303599999999996,3.277916666666668,5.105583333333334,5.69,2.086242299794661,1,0.0
2025-06-02,763,26,Monday,June,34.63005,40.05407,5.42403,13.059700000000001,12.507700000000002,44.303599999999996,2.6118333333333323,7.27575,5.69,2.088980150581793,1,0.0
2025-06-03,764,26,Tuesday,June,27.63996,42.74842,15.10847,13.059700000000001,12.507700000000002,44.303599999999996,1.1430833333333321,7.212666666666666,5.95,2.0917180013689256,1,0.0
2025-06-04,765,26,Wednesday,June,29.12232,37.68857,8.56624,13.059700000000001,12.507700000000002,44.303599999999996,0.8115833333333321,8.236666666666668,5.92,2.0944558521560577,1,0.0
2025-06-05,766,26,Thursday,June,29.06922,45.06692,15.9977,13.059700000000001,12.507700000000002,44.303599999999996,0.6906666666666679,7.528083333333332,6.18,2.0971937029431897,1,0.0
2025-06-06,767,26,Friday,June,26.23269,42.15842,15.92572,13.059700000000001,12.507700000000002,44.303599999999996,1.06675,7.485083333333332,6.04,2.099931553730322,1,0.0
2025-06-07,768,26,Saturday,June,36.16663,39.75162,3.58499,13.059700000000001,12.507700000000002,44.303599999999996,1.3985,6.780666666666668,6.01,2.102669404517454,1,0.0
2025-06-08,769,26,Sunday,June,42.42902,41.58669,-0.84233,13.059700000000001,12.507700000000002,44.303599999999996,3.8385,6.742,6.01,2.105407255304586,1,7.0
2025-06-09,770,26,Monday,June,32.41055,51.19579,18.78524,13.059700000000001,12.507700000000002,44.303599999999996,2.473666666666668,7.54375,6.01,2.108145106091718,1,0.0
2025-06-10,771,26,Tuesday,June,33.01976,52.41024,19.39048,13.059700000000001,12.507700000000002,44.303599999999996,2.791833333333332,7.45975,6.15,2.11088295687885,1,0.0
2025-06-11,772,26,Wednesday,June,33.9868,43.81053,9.82372,13.059700000000001,12.507700000000002,44.303599999999996,2.1775833333333323,6.93325,5.99,2.113620807665982,1,0.0
2025-06-12,773,26,Thursday,June,38.46163,39.27836,0.81673,13.059700000000001,12.507700000000002,44.303599999999996,1.91325,6.675833333333332,6.03,2.116358658453114,1,2.0
2025-06-13,774,26,Friday,June,29.32394,33.28209,3.95815,13.059700000000001,12.507700000000002,44.303599999999996,2.089083333333332,7.13175,6.19,2.1190965092402463,1,1.0
2025-06-14,775,26,Saturday,June,38.3965,35.39267,-3.00383,13.059700000000001,12.507700000000002,44.303599999999996,4.492916666666668,7.694666666666668,5.8,2.1218343600273784,1,10.0
2025-06-15,776,26,Sunday,June,42.08194,39.95152,-2.13042,13.059700000000001,12.507700000000002,44.303599999999996,7.005583333333332,7.224916666666668,5.8,2.1245722108145104,1,8.0
2025-06-16,777,26,Monday,June,34.41265,43.60284,9.19019,13.059700000000001,12.507700000000002,44.303599999999996,4.496583333333332,6.792333333333332,5.8,2.127310061601643,1,0.0
2025-06-17,778,26,Tuesday,June,30.21736,44.6131,14.39574,13.059700000000001,12.507700000000002,44.303599999999996,4.549666666666668,6.8183333333333325,5.99,2.130047912388775,1,0.0
2025-06-18,779,26,Wednesday,June,30.77523,51.04645,20.27122,13.059700000000001,12.507700000000002,44.303599999999996,5.4265,7.1460833333333325,6.07,2.132785763175907,1,0.0
2025-06-19,780,26,Thursday,June,27.62074,46.24142,18.62068,13.059700000000001,12.507700000000002,44.303599999999996,2.620666666666668,7.538083333333332,6.58,2.135523613963039,1,0.0
2025-06-20,781,26,Friday,June,34.07354,33.06072,-1.01282,13.059700000000001,12.507700000000002,44.303599999999996,1.327916666666668,5.2404166666666665,6.57,2.138261464750171,1,8.0
2025-06-21,782,26,Saturday,June,37.60134,24.25191,-13.34943,13.059700000000001,12.507700000000002,44.303599999999996,1.2308333333333321,4.387083333333334,6.11,2.1409993155373033,1,11.0
2025-06-22,783,26,Sunday,June,43.35612,31.19352,-12.1626,13.059700000000001,12.507700000000002,44.303599999999996,3.865,4.462166666666666,6.11,2.1437371663244353,1,10.0
2025-06-23,784,26,Monday,June,30.47803,35.39332,4.91529,13.059700000000001,12.507700000000002,44.303599999999996,1.8565,7.966416666666668,6.11,2.1464750171115674,1,0.0
2025-06-24,785,26,Tuesday,June,24.98903,35.05355,10.06452,13.059700000000001,12.507700000000002,44.303599999999996,1.0981666666666678,7.5254166666666675,6.14,2.1492128678986995,1,0.0
2025-06-25,786,26,Wednesday,June,25.35901,42.79591,17.43689,13.059700000000001,12.507700000000002,44.303599999999996,3.04275,7.05025,6.13,2.1519507186858315,1,0.0
2025-06-26,787,26,Thursday,June,23.01729,42.38569,19.3684,13.059700000000001,12.507700000000002,44.303599999999996,2.96575,7.170666666666668,6.15,2.1546885694729636,1,0.0
2025-06-27,788,26,Friday,June,26.94498,46.27867,19.33369,13.059700000000001,12.507700000000002,44.303599999999996,3.68825,7.796833333333332,6.15,2.1574264202600957,1,0.0
2025-06-28,789,26,Saturday,June,35.85796,46.24101,10.38305,13.059700000000001,12.507700000000002,44.303599999999996,5.710916666666668,7.367,6.18,2.1601642710472277,1,0.0
2025-06-29,790,26,Sunday,June,36.03671,51.24175,15.20504,13.059700000000001,12.507700000000002,44.303599999999996,5.847,6.950666666666668,6.18,2.16290212183436,1,0.0
2025-06-30,791,26,Monday,June,27.04164,59.19118,32.14953,13.059700000000001,12.507700000000002,44.303599999999996,5.1155833333333325,6.88325,6.18,2.1656399726214923,1,0.0
2025-07-01,792,27,Tuesday,July,24.78675,56.02007,31.23332,13.5607,13.059700000000001,45.8686,6.237166666666668,5.9395,6.79,2.1683778234086244,1,0.0
2025-07-02,793,27,Wednesday,July,21.05945,48.47436,27.41491,13.5607,13.059700000000001,45.8686,4.261,6.062166666666666,6.47,2.1711156741957565,1,0.0
2025-07-03,794,27,Thursday,July,20.48116,45.03214,24.55099,13.5607,13.059700000000001,45.8686,2.42575,7.2710833333333325,6.25,2.1738535249828885,1,0.0
2025-07-04,795,27,Friday,July,30.6995,38.67635,7.97685,13.5607,13.059700000000001,45.8686,2.800416666666668,6.985583333333332,6.16,2.1765913757700206,1,0.0
2025-07-05,796,27,Saturday,July,32.26245,44.15564,11.8932,13.5607,13.059700000000001,45.8686,4.348,7.4415,6.15,2.1793292265571527,1,0.0
2025-07-06,797,27,Sunday,July,34.24524,49.43645,15.19121,13.5607,13.059700000000001,45.8686,5.72175,7.034833333333332,6.15,2.1820670773442847,1,0.0
2025-07-07,798,27,Monday,July,24.67668,60.32396,35.64728,13.5607,13.059700000000001,45.8686,3.90025,7.50475,6.15,2.184804928131417,1,0.0
2025-07-08,799,27,Tuesday,July,34.84622,70.13164,35.28542,13.5607,13.059700000000001,45.8686,3.949083333333332,7.099416666666668,6.78,2.187542778918549,1,0.0
2025-07-09,800,27,Wednesday,July,27.14513,65.45682,38.31168,13.5607,13.059700000000001,45.8686,5.532166666666668,7.095333333333332,6.96,2.190280629705681,1,0.0
2025-07-10,801,27,Thursday,July,28.72327,60.53493,31.81165,13.5607,13.059700000000001,45.8686,6.527,7.3135,6.76,2.193018480492813,1,0.0
2025-07-11,802,27,Friday,July,27.32644,55.81183,28.4854,13.5607,13.059700000000001,45.8686,4.961083333333332,7.099833333333332,6.47,2.195756331279945,1,0.0
2025-07-12,803,27,Saturday,July,26.05439,45.33291,19.27851,13.5607,13.059700000000001,45.8686,4.349416666666668,7.3965,6.24,2.198494182067077,1,0.0
2025-07-13,804,27,Sunday,July,29.90871,50.72291,20.8142,13.5607,13.059700000000001,45.8686,5.503666666666668,7.798416666666668,6.24,2.2012320328542097,1,0.0
2025-07-14,805,27,Monday,July,23.3321,54.16291,30.83081,13.5607,13.059700000000001,45.8686,3.95175,7.606333333333332,6.24,2.2039698836413417,1,0.0
2025-07-15,806,27,Tuesday,July,22.1137,51.01375,28.90005,13.5607,13.059700000000001,45.8686,2.3319166666666677,7.75725,6.4,2.206707734428474,1,0.0
2025-07-16,807,27,Wednesday,July,19.41003,49.86658,30.45655,13.5607,13.059700000000001,45.8686,2.6415,7.225416666666668,6.33,2.209445585215606,1,0.0
2025-07-17,808,27,Thursday,July,16.8354,48.13347,31.29807,13.5607,13.059700000000001,45.8686,2.068666666666668,8.013,6.41,2.212183436002738,1,0.0
2025-07-18,809,27,Friday,July,14.15425,45.46981,31.31556,13.5607,13.059700000000001,45.8686,1.286666666666668,6.779166666666668,6.27,2.21492128678987,1,0.0
2025-07-19,810,27,Saturday,July,23.06845,43.26805,20.1996,13.5607,13.059700000000001,45.8686,2.050583333333332,7.759083333333332,6.21,2.217659137577002,1,0.0
2025-07-20,811,27,Sunday,July,23.74509,42.31265,18.56755,13.5607,13.059700000000001,45.8686,2.78675,7.665916666666668,6.21,2.220396988364134,1,0.0
2025-07-21,812,27,Monday,July,15.84926,44.29498,28.44573,13.5607,13.059700000000001,45.8686,0.39291666666666786,7.337416666666668,6.21,2.223134839151266,1,0.0
2025-07-22,813,27,Tuesday,July,18.8799,39.88101,21.00111,13.5607,13.059700000000001,45.8686,0.6765,7.025083333333332,6.14,2.2258726899383983,1,0.0
2025-07-23,814,27,Wednesday,July,17.53764,39.31457,21.77693,13.5607,13.059700000000001,45.8686,2.26025,7.024833333333332,5.93,2.2286105407255303,1,0.0
2025-07-24,815,27,Thursday,July,21.53029,36.55147,15.02118,13.5607,13.059700000000001,45.8686,1.562333333333332,7.8235,5.74,2.2313483915126624,1,0.0
2025-07-25,816,27,Friday,July,22.48329,34.36172,11.87843,13.5607,13.059700000000001,45.8686,0.5935,6.907166666666668,5.74,2.2340862422997945,1,0.0
2025-07-26,817,27,Saturday,July,31.92848,31.16684,-0.76164,13.5607,13.059700000000001,45.8686,1.8288333333333322,7.0450833333333325,5.73,2.236824093086927,1,7.0
2025-07-27,818,27,Sunday,July,34.61017,35.59087,0.98071,13.5607,13.059700000000001,45.8686,3.688666666666668,7.029416666666668,5.73,2.239561943874059,1,2.0
2025-07-28,819,27,Monday,July,21.11795,45.52176,24.40381,13.5607,13.059700000000001,45.8686,3.54875,7.286583333333332,5.73,2.242299794661191,1,0.0
2025-07-29,820,27,Tuesday,July,21.66517,46.03576,24.37059,13.5607,13.059700000000001,45.8686,3.076916666666668,7.560666666666668,5.93,2.245037645448323,1,0.0
2025-07-30,821,27,Wednesday,July,23.30185,44.1954,20.89355,13.5607,13.059700000000001,45.8686,3.09275,7.635916666666668,5.93,2.2477754962354553,1,0.0
2025-07-31,822,27,Thursday,July,24.36481,40.27233,15.90753,13.5607,13.059700000000001,45.8686,7.099916666666668,7.589666666666668,5.82,2.2505133470225873,1,0.0
2025-08-01,823,28,Friday,August,20.95659,40.56719,19.6106,13.817200000000001,13.5607,46.8591,3.566083333333332,7.7194166666666675,5.63,2.2532511978097194,1,0.0
2025-08-02,824,28,Saturday,August,30.82858,37.73457,6.90599,13.817200000000001,13.5607,46.8591,4.495916666666668,7.495,5.57,2.2559890485968515,1,0.0
2025-08-03,825,28,Sunday,August,33.15554,36.75808,3.60254,13.817200000000001,13.5607,46.8591,5.602,7.475916666666668,5.57,2.2587268993839835,1,1.0
2025-08-04,826,28,Monday,August,23.14853,42.93575,19.78722,13.817200000000001,13.5607,46.8591,3.0285833333333323,8.781583333333332,5.57,2.2614647501711156,1,0.0
2025-08-05,827,28,Tuesday,August,27.72497,52.64062,24.91565,13.817200000000001,13.5607,46.8591,3.8736666666666677,7.630666666666668,5.79,2.2642026009582477,1,0.0
2025-08-06,828,28,Wednesday,August,27.18294,58.83087,31.64793,13.817200000000001,13.5607,46.8591,5.41625,8.203833333333332,5.89,2.2669404517453797,1,0.0
2025-08-07,829,28,Thursday,August,36.28673,69.28592,32.99919,13.817200000000001,13.5607,46.8591,4.7335,8.848833333333332,5.95,2.269678302532512,1,0.0
2025-08-08,830,28,Friday,August,24.20909,55.80232,31.59322,13.817200000000001,13.5607,46.8591,4.308,8.44775,5.73,2.272416153319644,1,0.0
2025-08-09,831,28,Saturday,August,23.04072,47.75035,24.70963,13.817200000000001,13.5607,46.8591,4.67575,8.589416666666668,5.73,2.2751540041067764,1,0.0
2025-08-10,832,28,Sunday,August,27.98329,49.61875,21.63546,13.817200000000001,13.5607,46.8591,5.9556666666666676,9.15025,5.73,2.2778918548939084,1,0.0
2025-08-11,833,28,Monday,August,26.14417,53.19417,27.05,13.817200000000001,13.5607,46.8591,4.157916666666664,8.266916666666669,5.73,2.2806297056810405,1,0.0
2025-08-12,834,28,Tuesday,August,19.70453,51.96483,32.26029,13.817200000000001,13.5607,46.8591,3.587,8.42675,5.93,2.2833675564681726,1,0.0
2025-08-13,835,28,Wednesday,August,15.18206,44.08249,28.90043,13.817200000000001,13.5607,46.8591,3.204166666666668,8.31775,5.73,2.2861054072553046,1,0.0
2025-08-14,836,28,Thursday,August,18.18019,42.88814,24.70795,13.817200000000001,13.5607,46.8591,2.8010833333333323,8.329416666666669,5.81,2.2888432580424367,1,0.0
2025-08-15,837,28,Friday,August,17.39976,40.44734,23.04758,13.817200000000001,13.5607,46.8591,2.560916666666668,8.544,5.68,2.291581108829569,1,0.0
2025-08-16,838,28,Saturday,August,22.41678,35.13205,12.71528,13.817200000000001,13.5607,46.8591,2.61225,8.316333333333333,5.74,2.294318959616701,1,0.0
2025-08-17,839,28,Sunday,August,32.57331,39.57687,7.00356,13.817200000000001,13.5607,46.8591,4.714916666666668,7.206833333333332,5.74,2.297056810403833,1,0.0
2025-08-18,840,28,Monday,August,25.45536,44.84456,19.3892,13.817200000000001,13.5607,46.8591,4.21375,8.45675,5.74,2.299794661190965,1,0.0
2025-08-19,841,28,Tuesday,August,23.45409,51.60372,28.14963,13.817200000000001,13.5607,46.8591,4.219833333333332,8.669833333333331,5.89,2.302532511978097,1,0.0
2025-08-20,842,28,Wednesday,August,25.15501,60.33635,35.18134,13.817200000000001,13.5607,46.8591,6.2736666666666645,8.87425,6.1,2.305270362765229,1,0.0
2025-08-21,843,28,Thursday,August,43.22565,83.98296,40.7573,13.817200000000001,13.5607,46.8591,6.67,9.351416666666667,6.27,2.308008213552361,1,0.0
2025-08-22,844,28,Friday,August,40.67989,91.77203,51.09213,13.817200000000001,13.5607,46.8591,5.1605,9.179166666666665,5.97,2.3107460643394937,1,0.0
2025-08-23,845,28,Saturday,August,24.09374,72.16885,48.07511,13.817200000000001,13.5607,46.8591,4.659916666666668,6.411416666666666,6.01,2.3134839151266258,1,0.0
2025-08-24,846,28,Sunday,August,32.3946,70.07082,37.67622,13.817200000000001,13.5607,46.8591,5.69575,9.166666666666666,6.01,2.316221765913758,1,0.0
2025-08-25,847,28,Monday,August,23.02628,73.70148,50.6752,13.817200000000001,13.5607,46.8591,4.376916666666665,9.00025,6.01,2.31895961670089,1,0.0
2025-08-26,848,28,Tuesday,August,15.41878,59.07001,43.65123,13.817200000000001,13.5607,46.8591,3.310416666666664,8.030666666666667,6.1,2.321697467488022,1,0.0
2025-08-27,849,28,Wednesday,August,17.39162,48.93891,31.54729,13.817200000000001,13.5607,46.8591,3.644833333333336,10.197833333333332,5.91,2.324435318275154,1,0.0
2025-08-28,850,28,Thursday,August,11.87147,53.0155,41.14403,13.817200000000001,13.5607,46.8591,2.458,6.208583333333334,5.97,2.327173169062286,1,0.0
2025-08-29,851,28,Friday,August,27.61737,50.03964,22.42227,13.817200000000001,13.5607,46.8591,3.539666666666664,9.9875,5.73,2.329911019849418,1,0.0
2025-08-30,852,28,Saturday,August,25.96544,49.98549,24.02005,13.817200000000001,13.5607,46.8591,6.207583333333332,9.822833333333332,6.1,2.3326488706365502,1,0.0
2025-08-31,853,28,Sunday,August,28.01963,54.3395,26.31987,13.817200000000001,13.5607,46.8591,6.54375,9.430916666666668,6.1,2.3353867214236823,1,0.0
2025-09-01,854,29,Monday,September,28.88305,59.24343,30.36039,14.4666,13.817200000000001,49.266400000000004,7.075666666666664,10.27875,6.1,2.3381245722108144,1,0.0
2025-09-02,855,29,Tuesday,September,23.57864,80.90117,57.32252,14.4666,13.817200000000001,49.266400000000004,5.73925,5.09825,6.09,2.3408624229979464,1,0.0
2025-09-03,856,29,Wednesday,September,31.11627,77.8091,46.69283,14.4666,13.817200000000001,49.266400000000004,4.386583333333336,10.255666666666668,6.34,2.3436002737850785,1,0.0
2025-09-04,857,29,Thursday,September,21.67015,57.94806,36.27791,14.4666,13.817200000000001,49.266400000000004,2.616833333333336,10.69475,6.51,2.346338124572211,1,0.0
2025-09-05,858,29,Friday,September,19.82927,49.51653,29.68726,14.4666,13.817200000000001,49.266400000000004,2.9989166666666645,9.457333333333333,6.17,2.349075975359343,1,0.0
2025-09-06,859,29,Saturday,September,32.55329,50.59782,18.04453,14.4666,13.817200000000001,49.266400000000004,4.085583333333332,9.735833333333332,5.87,2.351813826146475,1,0.0
2025-09-07,860,29,Sunday,September,32.72086,46.25749,13.53663,14.4666,13.817200000000001,49.266400000000004,5.25725,9.957583333333332,5.87,2.3545516769336072,1,0.0
2025-09-08,861,29,Monday,September,25.42675,49.80503,24.37828,14.4666,13.817200000000001,49.266400000000004,2.8595,9.66825,5.87,2.3572895277207393,1,0.0
2025-09-09,862,29,Tuesday,September,24.02021,42.96607,18.94586,14.4666,13.817200000000001,49.266400000000004,1.3545833333333321,10.19275,6.0,2.3600273785078714,1,0.0
2025-09-10,863,29,Wednesday,September,32.91289,44.25852,11.34563,14.4666,13.817200000000001,49.266400000000004,0.19591666666666788,10.692916666666667,6.08,2.3627652292950034,1,0.0
2025-09-11,864,29,Thursday,September,34.00648,43.29838,9.2919,14.4666,13.817200000000001,49.266400000000004,2.053416666666668,10.1805,6.03,2.3655030800821355,1,0.0
2025-09-12,865,29,Friday,September,31.6898,41.34302,9.65323,14.4666,13.817200000000001,49.266400000000004,1.3003333333333322,10.276083333333332,5.87,2.3682409308692676,1,0.0
2025-09-13,866,29,Saturday,September,38.00867,42.68457,4.6759,14.4666,13.817200000000001,49.266400000000004,1.667666666666668,10.243166666666667,5.74,2.3709787816563996,1,0.0
2025-09-14,867,29,Sunday,September,39.94357,44.88786,4.94429,14.4666,13.817200000000001,49.266400000000004,4.7653333333333325,8.938583333333334,5.74,2.3737166324435317,1,0.0
2025-09-15,868,29,Monday,September,34.15739,57.83157,23.67418,14.4666,13.817200000000001,49.266400000000004,5.209083333333332,10.107916666666668,5.74,2.3764544832306638,1,0.0
2025-09-16,869,29,Tuesday,September,42.97666,66.36764,23.39097,14.4666,13.817200000000001,49.266400000000004,5.53475,10.572833333333332,6.52,2.379192334017796,1,0.0
2025-09-17,870,29,Wednesday,September,25.46916,60.44638,34.97722,14.4666,13.817200000000001,49.266400000000004,1.4324166666666642,11.96775,6.5,2.3819301848049284,1,0.0
2025-09-18,871,29,Thursday,September,9.30557,59.2946,49.98903,14.4666,13.817200000000001,49.266400000000004,1.3753333333333322,5.70325,6.76,2.3846680355920604,1,0.0
2025-09-19,872,29,Friday,September,20.17519,51.31584,31.14065,14.4666,13.817200000000001,49.266400000000004,2.76475,7.766666666666666,6.52,2.3874058863791925,1,0.0
2025-09-20,873,29,Saturday,September,26.00805,48.46851,22.46046,14.4666,13.817200000000001,49.266400000000004,3.658666666666668,10.422083333333331,6.13,2.3901437371663246,1,0.0
2025-09-21,874,29,Sunday,September,19.60885,48.49482,28.88597,14.4666,13.817200000000001,49.266400000000004,2.408,8.032833333333334,6.13,2.3928815879534566,1,0.0
2025-09-22,875,29,Monday,September,26.60502,55.88304,29.27802,14.4666,13.817200000000001,49.266400000000004,4.287333333333332,9.294333333333334,6.13,2.3956194387405887,1,0.0
2025-09-23,876,29,Tuesday,September,36.38331,67.81771,31.4344,14.4666,13.817200000000001,49.266400000000004,3.848,10.614,6.37,2.3983572895277208,1,0.0
2025-09-24,877,29,Wednesday,September,21.31587,54.84852,33.53265,14.4666,13.817200000000001,49.266400000000004,1.0903333333333358,8.34275,6.36,2.401095140314853,1,0.0
2025-09-25,878,29,Thursday,September,29.40937,45.41036,16.00099,14.4666,13.817200000000001,49.266400000000004,1.0341666666666678,10.788333333333332,6.29,2.403832991101985,1,0.0
2025-09-26,879,29,Friday,September,28.86945,44.05543,15.18599,14.4666,13.817200000000001,49.266400000000004,-0.21783333333333213,11.665666666666668,5.9,2.406570841889117,1,0.0
2025-09-27,880,29,Saturday,September,21.66001,43.56523,21.90522,14.4666,13.817200000000001,49.266400000000004,-0.031583333333332124,9.666666666666666,5.61,2.409308692676249,1,0.0
2025-09-28,881,29,Sunday,September,33.75105,43.32782,9.57677,14.4666,13.817200000000001,49.266400000000004,0.9128333333333322,11.174583333333334,5.61,2.412046543463381,1,0.0
2025-09-29,882,29,Monday,September,21.8309,44.73116,22.90026,14.4666,13.817200000000001,49.266400000000004,0.2898333333333321,10.527583333333334,5.61,2.414784394250513,1,0.0
2025-09-30,883,29,Tuesday,September,33.61353,37.83423,4.2207,14.4666,13.817200000000001,49.266400000000004,0.26975,11.819083333333332,5.46,2.4175222450376452,1,0.0
2025-10-01,884,30,Wednesday,October,35.78705,39.97438,4.18733,14.5914,14.4666,49.7641,0.4535833333333321,11.43625,5.59,2.4202600958247777,1,0.0
2025-10-02,885,30,Thursday,October,38.76579,41.9423,3.17651,14.5914,14.4666,49.7641,0.553,11.458166666666665,5.71,2.42299794661191,1,0.0
2025-10-03,886,30,Friday,October,39.20198,33.80334,-5.39864,14.5914,14.4666,49.7641,-1.528583333333332,10.816833333333333,5.68,2.425735797399042,1,8.0
2025-10-04,887,30,Saturday,October,44.70957,35.35379,-9.35578,14.5914,14.4666,49.7641,2.7248333333333323,9.794083333333335,4.93,2.428473648186174,1,9.0
2025-10-05,888,30,Sunday,October,55.63481,43.20156,-12.43325,14.5914,14.4666,49.7641,3.039,11.269583333333332,4.93,2.431211498973306,1,9.0
2025-10-06,889,30,Monday,October,41.45363,48.10396,6.65033,14.5914,14.4666,49.7641,1.8973333333333322,11.879833333333332,4.93,2.433949349760438,1,0.0
2025-10-07,890,30,Tuesday,October,35.62963,49.31721,13.68758,14.5914,14.4666,49.7641,1.8213333333333321,11.658333333333331,5.93,2.43668720054757,1,0.0
2025-10-08,891,30,Wednesday,October,30.53495,49.13123,18.59628,14.5914,14.4666,49.7641,-0.30166666666666786,11.686,5.8,2.439425051334702,1,0.0
2025-10-09,892,30,Thursday,October,20.57229,50.9808,30.40851,14.5914,14.4666,49.7641,0.8283333333333321,9.965333333333334,6.05,2.4421629021218343,1,0.0
2025-10-10,893,30,Friday,October,16.09377,51.07948,34.98571,14.5914,14.4666,49.7641,2.079,7.989583333333334,6.1,2.4449007529089664,1,0.0
2025-10-11,894,30,Saturday,October,44.24917,40.25732,-3.99185,14.5914,14.4666,49.7641,1.5043333333333322,10.716833333333334,5.21,2.4476386036960984,1,8.0
2025-10-12,895,30,Sunday,October,49.19809,44.81386,-4.38423,14.5914,14.4666,49.7641,1.8125,11.0285,5.21,2.4503764544832305,1,8.0
2025-10-13,896,30,Monday,October,31.43366,39.28585,7.85219,14.5914,14.4666,49.7641,-0.8995833333333321,10.972333333333333,5.21,2.4531143052703626,1,0.0
2025-10-14,897,30,Tuesday,October,20.63221,47.36315,26.73094,14.5914,14.4666,49.7641,-1.18475,7.378166666666666,5.21,2.455852156057495,1,0.0
2025-10-15,898,30,Wednesday,October,44.53062,44.29819,-0.23243,14.5914,14.4666,49.7641,-1.3468333333333322,11.535833333333334,5.96,2.458590006844627,1,4.0
2025-10-16,899,30,Thursday,October,47.12796,46.22118,-0.90678,14.5914,14.4666,49.7641,-0.4748333333333321,11.911666666666665,5.7,2.461327857631759,1,6.0
2025-10-17,900,30,Friday,October,49.65723,47.98452,-1.6727,14.5914,14.4666,49.7641,0.3604166666666679,11.670583333333333,5.63,2.4640657084188913,1,7.0
2025-10-18,901,30,Saturday,October,47.17377,45.62815,-1.54562,14.5914,14.4666,49.7641,0.9108333333333322,11.472416666666666,4.73,2.4668035592060233,1,7.0
2025-10-19,902,30,Sunday,October,42.46666,39.89464,-2.57203,14.5914,14.4666,49.7641,1.909,9.8355,4.73,2.4695414099931554,1,7.0
2025-10-20,903,30,Monday,October,39.7801,52.00507,12.22497,14.5914,14.4666,49.7641,1.478666666666668,11.537666666666667,4.73,2.4722792607802875,1,0.0
2025-10-21,904,30,Tuesday,October,35.16526,50.79801,15.63276,14.5914,14.4666,49.7641,0.43016666666666786,11.106666666666666,5.72,2.4750171115674195,1,0.0
2025-10-22,905,30,Wednesday,October,33.28381,44.26582,10.98201,14.5914,14.4666,49.7641,-1.2138333333333322,10.0565,5.58,2.4777549623545516,1,0.0
2025-10-23,906,30,Thursday,October,38.66303,48.55247,9.88944,14.5914,14.4666,49.7641,-0.6301666666666679,11.76925,5.68,2.4804928131416837,1,0.0
2025-10-24,907,30,Friday,October,32.03519,47.38806,15.35287,14.5914,14.4666,49.7641,-0.08041666666666789,12.348583333333334,5.71,2.4832306639288158,1,0.0
2025-10-25,908,30,Saturday,October,41.59624,40.22221,-1.37403,14.5914,14.4666,49.7641,-1.730166666666668,11.8425,5.66,2.485968514715948,1,7.0
2025-10-26,909,30,Sunday,October,54.79801,40.18122,-14.61679,14.5914,14.4666,49.7641,-0.039083333333332124,10.434166666666666,5.66,2.48870636550308,1,8.0
2025-10-27,910,30,Monday,October,41.28754,49.21173,7.92419,14.5914,14.4666,49.7641,-1.3914166666666679,11.193,5.66,2.4914442162902124,1,0.0
2025-10-28,911,30,Tuesday,October,40.63726,54.89707,14.25981,14.5914,14.4666,49.7641,0.6350833333333321,12.695416666666667,6.18,2.4941820670773445,1,0.0
2025-10-29,912,30,Wednesday,October,39.84029,60.39078,20.55048,14.5914,14.4666,49.7641,1.41675,12.527083333333334,6.14,2.4969199178644765,1,0.0
2025-10-30,913,30,Thursday,October,34.64477,54.11404,19.46927,14.5914,14.4666,49.7641,-0.28908333333333214,12.266833333333334,6.13,2.4996577686516086,1,0.0
2025-10-31,914,30,Friday,October,35.86096,49.08682,13.22586,14.5914,14.4666,49.7641,-0.9394166666666679,12.373416666666666,6.08,2.5023956194387407,1,0.0
2025-11-01,915,31,Saturday,November,47.8741,49.38325,1.50915,15.223,14.5914,52.024300000000004,7.9575,12.373416666666666,5.72,2.5051334702258727,1,3.0
2025-11-02,916,31,Sunday,November,44.07242,51.9681,7.89568,15.223,14.5914,52.024300000000004,0.88375,12.679416666666667,5.72,2.507871321013005,1,0.0
2025-11-03,917,31,Monday,November,25.83803,55.25098,29.41296,15.223,14.5914,52.024300000000004,0.4803333333333321,14.799,5.72,2.510609171800137,1,0.0
2025-11-04,918,31,Tuesday,November,36.29763,57.87411,21.57647,15.223,14.5914,52.024300000000004,0.6535833333333321,14.57125,6.13,2.513347022587269,1,0.0
2025-11-05,919,31,Wednesday,November,24.10077,48.68162,24.58085,15.223,14.5914,52.024300000000004,-1.07575,11.9835,6.42,2.516084873374401,1,0.0
2025-11-06,920,31,Thursday,November,41.74282,44.89981,3.15699,15.223,14.5914,52.024300000000004,-0.5714166666666679,13.945416666666667,6.09,2.518822724161533,1,4.0
2025-11-07,921,31,Friday,November,35.39487,46.54955,11.15468,15.223,14.5914,52.024300000000004,-0.85975,14.847166666666666,5.93,2.521560574948665,1,0.0
2025-11-08,922,31,Saturday,November,46.58289,47.82782,1.24493,15.223,14.5914,52.024300000000004,0.66375,14.9755,5.45,2.524298425735797,1,7.0
2025-11-09,923,31,Sunday,November,47.94668,47.22956,-0.71712,15.223,14.5914,52.024300000000004,1.8560833333333322,14.991666666666665,5.45,2.5270362765229293,1,7.0
2025-11-10,924,31,Monday,November,28.05344,52.32627,24.27283,15.223,14.5914,52.024300000000004,0.41,14.358,5.45,2.529774127310062,1,0.0
2025-11-11,925,31,Tuesday,November,16.11745,56.53526,40.41781,15.223,14.5914,52.024300000000004,0.01275,10.132916666666667,6.37,2.532511978097194,1,0.0
2025-11-12,926,31,Wednesday,November,8.31339,54.34889,46.0355,15.223,14.5914,52.024300000000004,-0.20608333333333212,8.25225,6.37,2.535249828884326,1,0.0
2025-11-13,927,31,Thursday,November,19.8083,50.72195,30.91365,15.223,14.5914,52.024300000000004,-1.934166666666668,11.089333333333334,6.58,2.537987679671458,1,0.0
2025-11-14,928,31,Friday,November,5.5223,53.78806,48.26576,15.223,14.5914,52.024300000000004,-0.5033333333333321,5.26525,6.32,2.54072553045859,1,0.0
2025-11-15,929,31,Saturday,November,3.90984,49.55895,45.64912,15.223,14.5914,52.024300000000004,1.1108333333333322,2.4134166666666665,6.26,2.543463381245722,1,0.0
2025-11-16,930,31,Sunday,November,18.64321,46.9027,28.25949,15.223,14.5914,52.024300000000004,-0.1633333333333321,7.269916666666667,6.26,2.546201232032854,1,0.0
2025-11-17,931,31,Monday,November,8.79709,50.78304,41.98595,15.223,14.5914,52.024300000000004,0.5083333333333321,7.027083333333333,6.26,2.5489390828199863,1,0.0
2025-11-18,932,31,Tuesday,November,11.74218,54.06146,42.31929,15.223,14.5914,52.024300000000004,1.1571666666666678,9.714666666666666,6.56,2.5516769336071183,1,0.0
2025-11-19,933,31,Wednesday,November,19.664,55.99705,36.33304,15.223,14.5914,52.024300000000004,0.7438333333333321,11.238583333333334,6.4,2.5544147843942504,1,0.0
2025-11-20,934,31,Thursday,November,13.74163,53.22046,39.47883,15.223,14.5914,52.024300000000004,-1.5934166666666678,8.528,6.68,2.5571526351813825,1,0.0
2025-11-21,935,31,Friday,November,8.47398,54.21046,45.73648,15.223,14.5914,52.024300000000004,2.37125,4.15325,6.52,2.5598904859685145,1,0.0
2025-11-22,936,31,Saturday,November,14.91753,50.65362,35.73609,15.223,14.5914,52.024300000000004,1.516583333333332,6.40875,6.53,2.5626283367556466,1,0.0
2025-11-23,937,31,Sunday,November,41.6868,46.79151,5.10471,15.223,14.5914,52.024300000000004,2.10025,12.811916666666667,6.53,2.565366187542779,1,1.0
2025-11-24,938,31,Monday,November,25.67134,51.35155,25.68022,15.223,14.5914,52.024300000000004,0.09425,11.2705,6.53,2.568104038329911,1,0.0
2025-11-25,939,31,Tuesday,November,29.35917,59.37292,30.01375,15.223,14.5914,52.024300000000004,-0.20233333333333212,11.395083333333334,6.6,2.5708418891170433,1,0.0
2025-11-26,940,31,Wednesday,November,22.98375,55.33341,32.34966,15.223,14.5914,52.024300000000004,-0.9778333333333321,12.5265,6.64,2.5735797399041753,1,0.0
2025-11-27,941,31,Thursday,November,8.74889,51.24757,42.49868,15.223,14.5914,52.024300000000004,-2.262083333333332,10.289416666666666,7.11,2.5763175906913074,1,0.0
2025-11-28,942,31,Friday,November,29.97272,48.62949,18.65677,15.223,14.5914,52.024300000000004,-0.4116666666666679,11.094583333333334,7.11,2.5790554414784395,1,0.0
2025-11-29,943,31,Saturday,November,23.48169,51.40156,27.91987,15.223,14.5914,52.024300000000004,-0.4585,10.911583333333335,7.11,2.5817932922655715,1,0.0
2025-11-30,944,31,Sunday,November,34.28177,48.11106,13.82928,15.223,14.5914,52.024300000000004,0.9860833333333321,9.07525,7.11,2.5845311430527036,1,0.0
2025-12-01,945,32,Monday,December,25.27724,57.63692,32.35968,15.435,15.223,52.2765,-0.48458333333333214,12.11075,7.11,2.5872689938398357,1,0.0
2025-12-02,946,32,Tuesday,December,21.97813,57.54192,35.56379,15.435,15.223,52.2765,0.4645833333333321,9.747416666666666,7.5,2.5900068446269677,1,0.0
2025-12-03,947,32,Wednesday,December,18.2952,58.01396,39.71876,15.435,15.223,52.2765,0.22283333333333213,10.4825,7.21,2.5927446954141,1,0.0
2025-12-04,948,32,Thursday,December,21.54495,57.15515,35.6102,15.435,15.223,52.2765,0.8301666666666678,10.085916666666666,7.41,2.595482546201232,1,0.0
2025-12-05,949,32,Friday,December,18.18097,52.96745,34.78648,15.435,15.223,52.2765,-0.18933333333333213,10.420833333333334,7.32,2.598220396988364,1,0.0
2025-12-06,950,32,Saturday,December,27.3629,50.30512,22.94222,15.435,15.223,52.2765,-0.4128333333333321,10.15425,7.24,2.6009582477754964,1,0.0
2025-12-07,951,32,Sunday,December,27.94251,52.058,24.11548,15.435,15.223,52.2765,1.166916666666668,9.8955,7.24,2.6036960985626285,1,0.0
2025-12-08,952,32,Monday,December,19.70067,56.29501,36.59434,15.435,15.223,52.2765,-0.6398333333333321,9.82375,7.24,2.6064339493497606,1,0.0
2025-12-09,953,32,Tuesday,December,15.50963,51.48226,35.97263,15.435,15.223,52.2765,-1.332,10.6145,7.04,2.6091718001368926,1,0.0
2025-12-10,954,32,Wednesday,December,16.55884,47.31663,30.75779,15.435,15.223,52.2765,-0.90325,10.189416666666666,6.63,2.6119096509240247,1,0.0
2025-12-11,955,32,Thursday,December,16.74794,47.04357,30.29563,15.435,15.223,52.2765,-0.5301666666666679,10.502166666666666,6.23,2.614647501711157,1,0.0
2025-12-12,956,32,Friday,December,13.02617,46.44226,33.4161,15.435,15.223,52.2765,-0.909,10.389083333333334,6.19,2.617385352498289,1,0.0
2025-12-13,957,32,Saturday,December,11.99134,43.11374,31.12241,15.435,15.223,52.2765,-0.6479166666666679,10.308833333333334,6.3,2.620123203285421,1,0.0
2025-12-14,958,32,Sunday,December,14.52407,43.38827,28.8642,15.435,15.223,52.2765,-0.15441666666666787,9.422083333333333,6.3,2.622861054072553,1,0.0
2025-12-15,959,32,Monday,December,15.1319,44.32771,29.19581,15.435,15.223,52.2765,-1.019833333333332,10.462666666666665,6.3,2.625598904859685,1,0.0
2025-12-16,960,32,Tuesday,December,12.08661,40.65571,28.5691,15.435,15.223,52.2765,-1.1411666666666678,10.068166666666666,6.08,2.628336755646817,1,0.0
2025-12-17,961,32,Wednesday,December,12.50712,37.99946,25.49234,15.435,15.223,52.2765,-1.481333333333332,10.40275,5.7,2.631074606433949,1,0.0
2025-12-18,962,32,Thursday,December,8.41976,39.31347,30.89371,15.435,15.223,52.2765,-0.325,9.156333333333334,5.81,2.6338124572210813,1,0.0
2025-12-19,963,32,Friday,December,8.22418,36.33671,28.11253,15.435,15.223,52.2765,-1.927333333333332,10.849333333333334,5.74,2.6365503080082138,1,0.0
2025-12-20,964,32,Saturday,December,10.71087,36.42748,25.71661,15.435,15.223,52.2765,-1.4110833333333321,10.841833333333334,5.61,2.639288158795346,1,0.0
2025-12-21,965,32,Sunday,December,8.90978,34.7111,25.80132,15.435,15.223,52.2765,0.13341666666666788,10.557333333333334,5.61,2.642026009582478,1,0.0
2025-12-22,966,32,Monday,December,9.1931,41.36225,32.16916,15.435,15.223,52.2765,-0.31725,9.075166666666666,5.61,2.64476386036961,1,0.0
2025-12-23,967,32,Tuesday,December,4.56948,36.43224,31.86276,15.435,15.223,52.2765,-0.2728333333333321,4.410083333333333,5.59,2.647501711156742,1,0.0
2025-12-24,968,32,Wednesday,December,0.22914,32.95023,32.72109,15.435,15.223,52.2765,-0.20591666666666789,2.59225,5.3,2.650239561943874,1,0.0
2025-12-25,969,32,Thursday,December,12.3749,29.67598,17.30108,15.435,15.223,52.2765,-0.06733333333333212,7.306,5.36,2.652977412731006,1,0.0
2025-12-26,970,32,Friday,December,7.28817,32.169,24.88083,15.435,15.223,52.2765,1.405666666666668,5.941583333333333,5.36,2.6557152635181382,1,0.0
2025-12-27,971,32,Saturday,December,28.0911,29.661,1.5699,15.435,15.223,52.2765,0.26291666666666785,11.184,5.36,2.6584531143052703,1,1.0
2025-12-28,972,32,Sunday,December,28.03059,32.23839,4.20781,15.435,15.223,52.2765,0.66075,10.695583333333333,5.36,2.6611909650924024,1,1.0
2025-12-29,973,32,Monday,December,19.58575,37.65626,18.07051,15.435,15.223,52.2765,0.1485,12.356333333333334,5.36,2.6639288158795345,1,0.0
2025-12-30,974,32,Tuesday,December,7.91642,38.39071,30.47429,15.435,15.223,52.2765,0.17808333333333212,4.98325,5.91,2.6666666666666665,1,0.0
2025-12-31,975,32,Wednesday,December,-0.1101,43.09974,43.20985,15.435,15.223,52.2765,-0.2735,1.9789166666666667,6.13,2.6694045174537986,1,0.0
